system:index,avg_rad,.geo
0_0,0.18819718,"{""geodesic"":false,""type"":""Point"",""coordinates"":[-74.70165323916912,5.760446759416432]}"
1_0,0.1857061,"{""geodesic"":false,""type"":""Point"",""coordinates"":[-74.39622604256847,3.9772909204391818]}"
2_0,0.25779155,"{""geodesic"":false,""type"":""Point"",""coordinates"":[-73.70452327379644,5.477477444918782]}"
3_0,0.21698308,"{""geodesic"":false,""type"":""Point"",""coordinates"":[-73.91562736556453,4.138987671580695]}"
4_0,0.25629157,"{""geodesic"":false,""type"":""Point"",""coordinates"":[-73.43952026498118,5.737988877313444]}"
5_0,0.51532346,"{""geodesic"":false,""type"":""Point"",""coordinates"":[-73.36316346583102,5.598750008274918]}"
6_0,0.23853405,"{""geodesic"":false,""type"":""Point"",""coordinates"":[-73.73596430874062,5.535867938386551]}"
7_0,0.20400864,"{""geodesic"":false,""type"":""Point"",""coordinates"":[-74.26597032637115,4.165937130104282]}"
8_0,0.4453706,"{""geodesic"":false,""type"":""Point"",""coordinates"":[-73.39011292435461,4.134496095160098]}"
9_0,0.27023214,"{""geodesic"":false,""type"":""Point"",""coordinates"":[-73.56528440475792,5.055269261382607]}"
10_0,2.4878592,"{""geodesic"":false,""type"":""Point"",""coordinates"":[-74.60733013433656,4.246785505675038]}"
11_0,0.20892166,"{""geodesic"":false,""type"":""Point"",""coordinates"":[-74.10876515165023,5.616716313957308]}"
12_0,0.15997799,"{""geodesic"":false,""type"":""Point"",""coordinates"":[-73.44401184140179,4.907047239502886]}"
13_0,0.23585291,"{""geodesic"":false,""type"":""Point"",""coordinates"":[-74.04139150534127,5.136117636953364]}"
14_0,0.60539484,"{""geodesic"":false,""type"":""Point"",""coordinates"":[-73.90215263630274,4.475855903125516]}"
15_0,0.22227761,"{""geodesic"":false,""type"":""Point"",""coordinates"":[-73.16104252690413,4.255768658516233]}"
16_0,0.2010398,"{""geodesic"":false,""type"":""Point"",""coordinates"":[-73.17900883258652,3.824577322138863]}"
17_0,0.2014193,"{""geodesic"":false,""type"":""Point"",""coordinates"":[-73.11612676269816,5.392137492927428]}"
18_0,0.25305924,"{""geodesic"":false,""type"":""Point"",""coordinates"":[-73.54282652265493,4.7184010298377865]}"
19_0,0.9752418,"{""geodesic"":false,""type"":""Point"",""coordinates"":[-73.30028139594266,5.526884785545357]}"
20_0,0.47385067,"{""geodesic"":false,""type"":""Point"",""coordinates"":[-73.408079230037,5.598750008274918]}"
21_0,0.17084636,"{""geodesic"":false,""type"":""Point"",""coordinates"":[-74.49054914740103,3.8650015099242414]}"
22_0,0.63428706,"{""geodesic"":false,""type"":""Point"",""coordinates"":[-73.51138548771074,4.035681413906951]}"
23_0,0.56737435,"{""geodesic"":false,""type"":""Point"",""coordinates"":[-74.00545889397648,4.457889597443126]}"
24_0,0.25681672,"{""geodesic"":false,""type"":""Point"",""coordinates"":[-73.76740534368481,4.740858911940775]}"
25_0,0.87988555,"{""geodesic"":false,""type"":""Point"",""coordinates"":[-73.12061833911875,5.225949165365317]}"
26_0,0.32416704,"{""geodesic"":false,""type"":""Point"",""coordinates"":[-73.73596430874062,5.2573902003095]}"
27_0,0.20428343,"{""geodesic"":false,""type"":""Point"",""coordinates"":[-74.78699319116046,5.14510078979456]}"
28_0,0.23534016,"{""geodesic"":false,""type"":""Point"",""coordinates"":[-74.76453530905748,4.592636890061054]}"
29_0,2.9217997,"{""geodesic"":false,""type"":""Point"",""coordinates"":[-73.23739932605429,5.684089960266273]}"
30_0,0.40618607,"{""geodesic"":false,""type"":""Point"",""coordinates"":[-73.47096129992536,4.22432762357205]}"
31_0,0.19230644,"{""geodesic"":false,""type"":""Point"",""coordinates"":[-73.35418031298983,4.830690440352727]}"
32_0,0.20449765,"{""geodesic"":false,""type"":""Point"",""coordinates"":[-73.95155997692932,5.544851091227747]}"
33_0,0.23091282,"{""geodesic"":false,""type"":""Point"",""coordinates"":[-73.4170623828782,5.248407047468304]}"
34_0,0.1676724,"{""geodesic"":false,""type"":""Point"",""coordinates"":[-74.27495347921234,3.7347457937269106]}"
35_0,0.31269673,"{""geodesic"":false,""type"":""Point"",""coordinates"":[-73.798846378629,4.11203821305711]}"
36_0,0.19812793,"{""geodesic"":false,""type"":""Point"",""coordinates"":[-73.25985720815729,4.502805361649101]}"
37_0,0.18118685,"{""geodesic"":false,""type"":""Point"",""coordinates"":[-73.37663819509282,4.808232558249739]}"
38_0,4.8885484,"{""geodesic"":false,""type"":""Point"",""coordinates"":[-74.05037465818246,4.601620042902249]}"
39_0,0.22200926,"{""geodesic"":false,""type"":""Point"",""coordinates"":[-73.06671942207159,4.525263243752089]}"
40_0,0.20562984,"{""geodesic"":false,""type"":""Point"",""coordinates"":[-73.75393061442301,4.327633881245795]}"
41_0,0.3618068,"{""geodesic"":false,""type"":""Point"",""coordinates"":[-74.68368693348673,4.403990680395954]}"
42_0,0.33279437,"{""geodesic"":false,""type"":""Point"",""coordinates"":[-73.24189090247489,5.598750008274918]}"
43_0,0.5641862,"{""geodesic"":false,""type"":""Point"",""coordinates"":[-74.55343121728939,4.242293929254441]}"
44_0,0.3459842,"{""geodesic"":false,""type"":""Point"",""coordinates"":[-74.63877116928074,4.426448562498942]}"
45_0,56.35104,"{""geodesic"":false,""type"":""Point"",""coordinates"":[-74.07732411670604,4.610603195743444]}"
46_0,0.17934416,"{""geodesic"":false,""type"":""Point"",""coordinates"":[-74.21207140932397,5.437053257133404]}"
47_0,0.3174694,"{""geodesic"":false,""type"":""Point"",""coordinates"":[-74.58038067581298,4.475855903125516]}"
48_0,0.87042123,"{""geodesic"":false,""type"":""Point"",""coordinates"":[-73.87969475419975,4.925013545185277]}"
49_0,0.1728709,"{""geodesic"":false,""type"":""Point"",""coordinates"":[-73.00383735218321,3.775169981512289]}"
50_0,1.1758341,"{""geodesic"":false,""type"":""Point"",""coordinates"":[-73.68655696811405,4.035681413906951]}"
51_0,1.1321245,"{""geodesic"":false,""type"":""Point"",""coordinates"":[-74.43665023035385,4.740858911940775]}"
52_0,0.19039111,"{""geodesic"":false,""type"":""Point"",""coordinates"":[-73.07570257491278,5.297814388094879]}"
53_0,1.920021,"{""geodesic"":false,""type"":""Point"",""coordinates"":[-73.9650347061911,4.996878767914839]}"
54_0,0.21843295,"{""geodesic"":false,""type"":""Point"",""coordinates"":[-74.7286026976927,4.552212702275676]}"
55_0,0.7756577,"{""geodesic"":false,""type"":""Point"",""coordinates"":[-73.85274529567616,5.064252414223803]}"
56_0,3.836345,"{""geodesic"":false,""type"":""Point"",""coordinates"":[-73.97850943545289,4.7184010298377865]}"
57_0,0.17550524,"{""geodesic"":false,""type"":""Point"",""coordinates"":[-74.1581724922768,4.089580330954122]}"
58_0,0.24420743,"{""geodesic"":false,""type"":""Point"",""coordinates"":[-73.71350642663764,4.745350488361373]}"
59_0,0.17146845,"{""geodesic"":false,""type"":""Point"",""coordinates"":[-74.55343121728939,3.757203675829899]}"
60_0,0.38959286,"{""geodesic"":false,""type"":""Point"",""coordinates"":[-73.80333795504959,4.242293929254441]}"
61_0,0.600401,"{""geodesic"":false,""type"":""Point"",""coordinates"":[-74.00096731755589,4.484839055966711]}"
62_0,50.601715,"{""geodesic"":false,""type"":""Point"",""coordinates"":[-74.12223988091202,4.556704278696273]}"
63_0,0.21362606,"{""geodesic"":false,""type"":""Point"",""coordinates"":[-74.46359968887744,3.972799344018584]}"
64_0,0.28234214,"{""geodesic"":false,""type"":""Point"",""coordinates"":[-73.77638849652601,5.16306709547695]}"
65_0,0.24349691,"{""geodesic"":false,""type"":""Point"",""coordinates"":[-74.56690594655119,4.74984206478197]}"
66_0,0.22497791,"{""geodesic"":false,""type"":""Point"",""coordinates"":[-73.05324469280978,5.046286108541413]}"
67_0,0.22099057,"{""geodesic"":false,""type"":""Point"",""coordinates"":[-73.63265805106688,5.486460597759978]}"
68_0,0.1798451,"{""geodesic"":false,""type"":""Point"",""coordinates"":[-73.35867188941043,5.7514636065752365]}"
69_0,0.28546974,"{""geodesic"":false,""type"":""Point"",""coordinates"":[-73.74943903800242,4.377041221872369]}"
70_0,0.38940018,"{""geodesic"":false,""type"":""Point"",""coordinates"":[-74.40970077183027,4.197378165048464]}"
71_0,0.30698228,"{""geodesic"":false,""type"":""Point"",""coordinates"":[-73.31375612520445,5.248407047468304]}"
72_0,0.21250732,"{""geodesic"":false,""type"":""Point"",""coordinates"":[-73.68206539169346,4.426448562498942]}"
73_0,0.26869136,"{""geodesic"":false,""type"":""Point"",""coordinates"":[-73.43502868856059,3.7392373701475083]}"
74_0,0.18727906,"{""geodesic"":false,""type"":""Point"",""coordinates"":[-74.87233314315182,5.396629069348026]}"
75_0,0.20647033,"{""geodesic"":false,""type"":""Point"",""coordinates"":[-73.20146671468952,3.7616952522504965]}"
76_0,0.3037319,"{""geodesic"":false,""type"":""Point"",""coordinates"":[-73.17900883258652,5.607733161116113]}"
77_0,0.18635212,"{""geodesic"":false,""type"":""Point"",""coordinates"":[-74.27495347921234,5.540359514807149]}"
78_0,0.18069036,"{""geodesic"":false,""type"":""Point"",""coordinates"":[-73.05324469280978,5.374171187245038]}"
79_0,0.2671552,"{""geodesic"":false,""type"":""Point"",""coordinates"":[-74.51300702950401,4.951963003708863]}"
80_0,0.23763163,"{""geodesic"":false,""type"":""Point"",""coordinates"":[-73.039769963548,5.607733161116113]}"
81_0,0.2171285,"{""geodesic"":false,""type"":""Point"",""coordinates"":[-73.16553410332473,5.3876459165068304]}"
82_0,0.43207473,"{""geodesic"":false,""type"":""Point"",""coordinates"":[-74.60733013433656,4.839673593193922]}"
83_0,0.17353778,"{""geodesic"":false,""type"":""Point"",""coordinates"":[-74.24351244426816,5.4640027156569895]}"
84_0,0.2123071,"{""geodesic"":false,""type"":""Point"",""coordinates"":[-74.44563338319504,5.428070104292209]}"
85_0,0.19983415,"{""geodesic"":false,""type"":""Point"",""coordinates"":[-73.11612676269816,5.073235567064998]}"
86_0,0.18512441,"{""geodesic"":false,""type"":""Point"",""coordinates"":[-74.39173446614788,5.764938335837029]}"
87_0,0.3170382,"{""geodesic"":false,""type"":""Point"",""coordinates"":[-74.52648175876581,4.076105601692329]}"
88_0,0.31258753,"{""geodesic"":false,""type"":""Point"",""coordinates"":[-74.40071761898908,5.073235567064998]}"
89_0,0.30056953,"{""geodesic"":false,""type"":""Point"",""coordinates"":[-73.7808800729466,5.57629212617193]}"
90_0,1.3999509,"{""geodesic"":false,""type"":""Point"",""coordinates"":[-74.69716166274851,4.165937130104282]}"
91_0,0.1841662,"{""geodesic"":false,""type"":""Point"",""coordinates"":[-73.19697513826891,4.925013545185277]}"
92_0,0.24981636,"{""geodesic"":false,""type"":""Point"",""coordinates"":[-74.86334999031062,4.686959994893604]}"
93_0,0.5753691,"{""geodesic"":false,""type"":""Point"",""coordinates"":[-74.31537766699772,4.359074916189979]}"
94_0,0.24577686,"{""geodesic"":false,""type"":""Point"",""coordinates"":[-74.79597634400166,3.914408850550815]}"
95_0,0.2548061,"{""geodesic"":false,""type"":""Point"",""coordinates"":[-73.77638849652601,4.808232558249739]}"
96_0,0.37702492,"{""geodesic"":false,""type"":""Point"",""coordinates"":[-74.24800402068875,4.9295051216058745]}"
97_0,0.57122445,"{""geodesic"":false,""type"":""Point"",""coordinates"":[-74.36478500762429,4.713909453417189]}"
98_0,0.195595,"{""geodesic"":false,""type"":""Point"",""coordinates"":[-73.72698115589944,4.615094772164042]}"
99_0,0.17386308,"{""geodesic"":false,""type"":""Point"",""coordinates"":[-74.31537766699772,3.891950968447827]}"
100_0,0.19828132,"{""geodesic"":false,""type"":""Point"",""coordinates"":[-73.51587706413135,5.172050248318145]}"
101_0,0.23346487,"{""geodesic"":false,""type"":""Point"",""coordinates"":[-73.95605155334991,5.634682619639698]}"
102_0,0.34963906,"{""geodesic"":false,""type"":""Point"",""coordinates"":[-73.10714360985696,5.702056265948663]}"
103_0,0.6511067,"{""geodesic"":false,""type"":""Point"",""coordinates"":[-74.02342519965887,4.390515951134161]}"
104_0,46.39149,"{""geodesic"":false,""type"":""Point"",""coordinates"":[-74.1357146101738,4.673485265631811]}"
105_0,0.23550953,"{""geodesic"":false,""type"":""Point"",""coordinates"":[-73.39011292435461,5.185524977579938]}"
106_0,0.19287257,"{""geodesic"":false,""type"":""Point"",""coordinates"":[-73.37663819509282,4.691451571314201]}"
107_0,1.3042817,"{""geodesic"":false,""type"":""Point"",""coordinates"":[-74.40970077183027,4.6420442306876275]}"
108_0,0.2009818,"{""geodesic"":false,""type"":""Point"",""coordinates"":[-73.05324469280978,3.936866732653803]}"
109_0,0.2934667,"{""geodesic"":false,""type"":""Point"",""coordinates"":[-74.12673145733262,5.652648925322089]}"
110_0,0.25015017,"{""geodesic"":false,""type"":""Point"",""coordinates"":[-73.26884036099848,4.004240378962767]}"
111_0,0.18829781,"{""geodesic"":false,""type"":""Point"",""coordinates"":[-73.62816647464628,4.983404038653045]}"
112_0,0.9890167,"{""geodesic"":false,""type"":""Point"",""coordinates"":[-74.55343121728939,4.498313785228504]}"
113_0,0.20582739,"{""geodesic"":false,""type"":""Point"",""coordinates"":[-74.61182171075716,5.284339658833085]}"
114_0,0.19727111,"{""geodesic"":false,""type"":""Point"",""coordinates"":[-73.0307868107068,4.722892606258385]}"
115_0,0.27549177,"{""geodesic"":false,""type"":""Point"",""coordinates"":[-73.14756779764234,4.363566492610576]}"
116_0,0.18943612,"{""geodesic"":false,""type"":""Point"",""coordinates"":[-73.25985720815729,5.315780693777269]}"
117_0,0.24901946,"{""geodesic"":false,""type"":""Point"",""coordinates"":[-73.52935179339313,5.702056265948663]}"
118_0,0.22418453,"{""geodesic"":false,""type"":""Point"",""coordinates"":[-73.28680666668086,4.857639898876313]}"
119_0,0.18734753,"{""geodesic"":false,""type"":""Point"",""coordinates"":[-73.29578981952206,4.686959994893604]}"
120_0,4.6523576,"{""geodesic"":false,""type"":""Point"",""coordinates"":[-73.9695262826117,4.7004347241553965]}"
121_0,13.027563,"{""geodesic"":false,""type"":""Point"",""coordinates"":[-74.06834096386486,4.84416516961452]}"
122_0,0.25037667,"{""geodesic"":false,""type"":""Point"",""coordinates"":[-74.56241437013058,5.374171187245038]}"
123_0,0.17705268,"{""geodesic"":false,""type"":""Point"",""coordinates"":[-73.66859066243167,5.666123654583882]}"
124_0,0.19456758,"{""geodesic"":false,""type"":""Point"",""coordinates"":[-73.55630125191672,4.646535807108225]}"
125_0,0.20619611,"{""geodesic"":false,""type"":""Point"",""coordinates"":[-73.92461051840573,3.707796335203325]}"
126_0,0.1920614,"{""geodesic"":false,""type"":""Point"",""coordinates"":[-74.05037465818246,3.8605099335036437]}"
127_0,1.5173744,"{""geodesic"":false,""type"":""Point"",""coordinates"":[-73.5922338632815,5.455019562815795]}"
128_0,0.22839922,"{""geodesic"":false,""type"":""Point"",""coordinates"":[-74.70614481558971,4.713909453417189]}"
129_0,0.2566438,"{""geodesic"":false,""type"":""Point"",""coordinates"":[-73.47096129992536,5.652648925322089]}"
130_0,0.5267523,"{""geodesic"":false,""type"":""Point"",""coordinates"":[-73.79435480220839,5.4640027156569895]}"
131_0,0.4566288,"{""geodesic"":false,""type"":""Point"",""coordinates"":[-74.36927658404488,5.001370344335436]}"
132_0,0.2021982,"{""geodesic"":false,""type"":""Point"",""coordinates"":[-73.89766105988214,5.7514636065752365]}"
133_0,0.49752182,"{""geodesic"":false,""type"":""Point"",""coordinates"":[-73.43952026498118,5.486460597759978]}"
134_0,1.5588318,"{""geodesic"":false,""type"":""Point"",""coordinates"":[-74.32436081983892,4.597128466481651]}"
135_0,0.19750102,"{""geodesic"":false,""type"":""Point"",""coordinates"":[-73.2329077496337,4.933996698026472]}"
136_0,0.19141561,"{""geodesic"":false,""type"":""Point"",""coordinates"":[-74.17164722153859,5.383154340086233]}"
137_0,0.25036967,"{""geodesic"":false,""type"":""Point"",""coordinates"":[-74.85885841389003,3.7392373701475083]}"
138_0,0.29937294,"{""geodesic"":false,""type"":""Point"",""coordinates"":[-74.80046792042226,3.9323751562332054]}"
139_0,0.19856443,"{""geodesic"":false,""type"":""Point"",""coordinates"":[-73.14756779764234,4.848656746035117]}"
140_0,0.3465394,"{""geodesic"":false,""type"":""Point"",""coordinates"":[-74.43665023035385,4.457889597443126]}"
141_0,0.33577722,"{""geodesic"":false,""type"":""Point"",""coordinates"":[-73.5787591340197,3.7392373701475083]}"
142_0,0.35558492,"{""geodesic"":false,""type"":""Point"",""coordinates"":[-74.7420774269545,4.103055060215914]}"
143_0,0.26250777,"{""geodesic"":false,""type"":""Point"",""coordinates"":[-74.56690594655119,4.996878767914839]}"
144_0,0.18557599,"{""geodesic"":false,""type"":""Point"",""coordinates"":[-74.09978199880904,5.760446759416432]}"
145_0,0.17609125,"{""geodesic"":false,""type"":""Point"",""coordinates"":[-73.80782953147019,4.345600186928185]}"
146_0,0.29935586,"{""geodesic"":false,""type"":""Point"",""coordinates"":[-73.83927056641437,4.46687275028432]}"
147_0,0.16211945,"{""geodesic"":false,""type"":""Point"",""coordinates"":[-74.11325672807082,3.779661557932887]}"
148_0,0.261764,"{""geodesic"":false,""type"":""Point"",""coordinates"":[-73.62367489822569,5.513410056283563]}"
149_0,0.38162896,"{""geodesic"":false,""type"":""Point"",""coordinates"":[-74.58936382865417,4.615094772164042]}"
150_0,4.5258193,"{""geodesic"":false,""type"":""Point"",""coordinates"":[-74.25249559710934,4.5836537372198585]}"
151_0,0.2046327,"{""geodesic"":false,""type"":""Point"",""coordinates"":[-74.80945107326346,3.712287911623923]}"
152_0,0.3037148,"{""geodesic"":false,""type"":""Point"",""coordinates"":[-74.43215865393326,5.113659754850376]}"
153_0,0.20116775,"{""geodesic"":false,""type"":""Point"",""coordinates"":[-73.21044986753071,4.273734964198623]}"
154_0,0.31386235,"{""geodesic"":false,""type"":""Point"",""coordinates"":[-73.42155395929879,4.30068442272221]}"
155_0,0.17392226,"{""geodesic"":false,""type"":""Point"",""coordinates"":[-74.44114180677445,5.567308973330735]}"
156_0,0.26436073,"{""geodesic"":false,""type"":""Point"",""coordinates"":[-74.37825973688608,5.252898623888902]}"
157_0,0.24960023,"{""geodesic"":false,""type"":""Point"",""coordinates"":[-73.24638247889548,4.381532798292966]}"
158_0,0.2096307,"{""geodesic"":false,""type"":""Point"",""coordinates"":[-73.01731208144501,5.459511139236392]}"
159_0,0.16891533,"{""geodesic"":false,""type"":""Point"",""coordinates"":[-74.56690594655119,3.8290688985594605]}"
160_0,0.27878186,"{""geodesic"":false,""type"":""Point"",""coordinates"":[-73.69554012095524,4.246785505675038]}"
161_0,0.19496712,"{""geodesic"":false,""type"":""Point"",""coordinates"":[-73.2329077496337,4.916030392344082]}"
162_0,0.18190062,"{""geodesic"":false,""type"":""Point"",""coordinates"":[-74.76453530905748,5.535867938386551]}"
163_0,0.1952003,"{""geodesic"":false,""type"":""Point"",""coordinates"":[-73.00832892860382,3.847035204241851]}"
164_0,0.21970116,"{""geodesic"":false,""type"":""Point"",""coordinates"":[-74.79597634400166,4.875606204558703]}"
165_0,0.1827605,"{""geodesic"":false,""type"":""Point"",""coordinates"":[-74.05486623460305,5.329255423039061]}"
166_0,0.2788785,"{""geodesic"":false,""type"":""Point"",""coordinates"":[-74.80945107326346,4.534246396593285]}"
167_0,0.21847461,"{""geodesic"":false,""type"":""Point"",""coordinates"":[-74.32436081983892,4.197378165048464]}"
168_0,0.5048972,"{""geodesic"":false,""type"":""Point"",""coordinates"":[-74.66572062780433,4.30068442272221]}"
169_0,2.0089786,"{""geodesic"":false,""type"":""Point"",""coordinates"":[-73.79435480220839,4.0087319553833645]}"
170_0,44.341606,"{""geodesic"":false,""type"":""Point"",""coordinates"":[-74.12223988091202,4.56119585511687]}"
171_0,0.18847865,"{""geodesic"":false,""type"":""Point"",""coordinates"":[-74.77801003831927,5.091201872747388]}"
172_0,0.1760863,"{""geodesic"":false,""type"":""Point"",""coordinates"":[-74.23452929142697,5.535867938386551]}"
173_0,0.2502326,"{""geodesic"":false,""type"":""Point"",""coordinates"":[-74.8947910252548,4.493822208807907]}"
174_0,0.24739112,"{""geodesic"":false,""type"":""Point"",""coordinates"":[-74.05486623460305,5.154083942635755]}"
175_0,0.17763862,"{""geodesic"":false,""type"":""Point"",""coordinates"":[-73.99647574113528,3.748220522988704]}"
176_0,0.15894341,"{""geodesic"":false,""type"":""Point"",""coordinates"":[-73.76291376726421,4.30068442272221]}"
177_0,0.15893285,"{""geodesic"":false,""type"":""Point"",""coordinates"":[-73.7808800729466,5.755955182995835]}"
178_0,0.16795325,"{""geodesic"":false,""type"":""Point"",""coordinates"":[-74.09079884596784,4.116529789477707]}"
179_0,0.515378,"{""geodesic"":false,""type"":""Point"",""coordinates"":[-73.9919841647147,4.399499103975357]}"
180_0,0.19059218,"{""geodesic"":false,""type"":""Point"",""coordinates"":[-73.81681268431139,5.7918877943606155]}"
181_0,0.6936836,"{""geodesic"":false,""type"":""Point"",""coordinates"":[-74.77801003831927,4.228819199992648]}"
182_0,17.1221,"{""geodesic"":false,""type"":""Point"",""coordinates"":[-73.94257682408812,4.93848827444707]}"
183_0,0.6762771,"{""geodesic"":false,""type"":""Point"",""coordinates"":[-73.43053711213999,4.103055060215914]}"
184_0,0.21294786,"{""geodesic"":false,""type"":""Point"",""coordinates"":[-73.21044986753071,4.960946156550058]}"
185_0,0.5193979,"{""geodesic"":false,""type"":""Point"",""coordinates"":[-73.55180967549613,5.612224737536711]}"
186_0,0.4432568,"{""geodesic"":false,""type"":""Point"",""coordinates"":[-73.039769963548,5.549342667648344]}"
187_0,0.324725,"{""geodesic"":false,""type"":""Point"",""coordinates"":[-73.5877422868609,5.643665772480894]}"
188_0,0.21866503,"{""geodesic"":false,""type"":""Point"",""coordinates"":[-74.01893362323828,5.414595375030416]}"
189_0,0.17741472,"{""geodesic"":false,""type"":""Point"",""coordinates"":[-73.26884036099848,4.691451571314201]}"
190_0,0.52351767,"{""geodesic"":false,""type"":""Point"",""coordinates"":[-73.46197814708417,4.130004518739501]}"
191_0,0.18502715,"{""geodesic"":false,""type"":""Point"",""coordinates"":[-74.3378355491007,5.549342667648344]}"
192_0,0.19206892,"{""geodesic"":false,""type"":""Point"",""coordinates"":[-73.13409306838055,4.152462400842488]}"
193_0,0.20689313,"{""geodesic"":false,""type"":""Point"",""coordinates"":[-73.38562134793402,4.345600186928185]}"
194_0,0.45562348,"{""geodesic"":false,""type"":""Point"",""coordinates"":[-73.52486021697254,3.9683077675979863]}"
195_0,6.8583765,"{""geodesic"":false,""type"":""Point"",""coordinates"":[-73.65960750959047,4.143479248001293]}"
196_0,0.17657383,"{""geodesic"":false,""type"":""Point"",""coordinates"":[-74.84987526104884,5.787396217940017]}"
197_0,0.24177605,"{""geodesic"":false,""type"":""Point"",""coordinates"":[-73.7718969201054,4.857639898876313]}"
198_0,0.402816,"{""geodesic"":false,""type"":""Point"",""coordinates"":[-73.70452327379644,5.526884785545357]}"
199_0,0.22619778,"{""geodesic"":false,""type"":""Point"",""coordinates"":[-74.18961352722098,5.6751068074250774]}"
200_0,0.18371023,"{""geodesic"":false,""type"":""Point"",""coordinates"":[-74.06384938744425,5.755955182995835]}"
201_0,0.19433835,"{""geodesic"":false,""type"":""Point"",""coordinates"":[-73.00383735218321,3.891950968447827]}"
202_0,1.8045924,"{""geodesic"":false,""type"":""Point"",""coordinates"":[-73.36316346583102,4.040172990327548]}"
203_0,3.4066603,"{""geodesic"":false,""type"":""Point"",""coordinates"":[-74.27046190279174,4.785774676146751]}"
204_0,0.22233525,"{""geodesic"":false,""type"":""Point"",""coordinates"":[-73.12960149195995,4.1075466366365125]}"
205_0,0.18223006,"{""geodesic"":false,""type"":""Point"",""coordinates"":[-73.91113578914393,5.531376361965954]}"
206_0,0.31647432,"{""geodesic"":false,""type"":""Point"",""coordinates"":[-74.85436683746943,4.004240378962767]}"
207_0,0.24197814,"{""geodesic"":false,""type"":""Point"",""coordinates"":[-73.70901485021705,5.0058619207560335]}"
208_0,0.52847445,"{""geodesic"":false,""type"":""Point"",""coordinates"":[-73.95605155334991,4.534246396593285]}"
209_0,0.31185535,"{""geodesic"":false,""type"":""Point"",""coordinates"":[-74.54444806444819,4.992387191494241]}"
210_0,0.25245252,"{""geodesic"":false,""type"":""Point"",""coordinates"":[-74.14918933943561,5.190016554000536]}"
211_0,0.64702255,"{""geodesic"":false,""type"":""Point"",""coordinates"":[-74.5309733351864,5.023828226438424]}"
212_0,1.9680178,"{""geodesic"":false,""type"":""Point"",""coordinates"":[-74.23003771500636,4.835182016773325]}"
213_0,0.21000344,"{""geodesic"":false,""type"":""Point"",""coordinates"":[-73.01731208144501,4.898064086661691]}"
214_0,0.30942413,"{""geodesic"":false,""type"":""Point"",""coordinates"":[-73.53384336981374,5.324763846618464]}"
215_0,0.20966677,"{""geodesic"":false,""type"":""Point"",""coordinates"":[-74.53546491160701,5.549342667648344]}"
216_0,0.19320904,"{""geodesic"":false,""type"":""Point"",""coordinates"":[-74.70614481558971,4.911538815923484]}"
217_0,0.18156466,"{""geodesic"":false,""type"":""Point"",""coordinates"":[-74.83190895536644,5.410103798609819]}"
218_0,0.19733858,"{""geodesic"":false,""type"":""Point"",""coordinates"":[-74.3378355491007,4.134496095160098]}"
219_0,0.38145274,"{""geodesic"":false,""type"":""Point"",""coordinates"":[-74.62978801643955,4.386024374713564]}"
220_0,1.2371012,"{""geodesic"":false,""type"":""Point"",""coordinates"":[-74.01893362323828,4.974420885811851]}"
221_0,0.1966387,"{""geodesic"":false,""type"":""Point"",""coordinates"":[-73.22841617321309,4.287209693460417]}"
222_0,0.23646599,"{""geodesic"":false,""type"":""Point"",""coordinates"":[-73.37663819509282,5.702056265948663]}"
223_0,1.7268281,"{""geodesic"":false,""type"":""Point"",""coordinates"":[-74.57588909939238,5.077727143485595]}"
224_0,0.20655476,"{""geodesic"":false,""type"":""Point"",""coordinates"":[-74.79148476758107,5.459511139236392]}"
225_0,0.22032695,"{""geodesic"":false,""type"":""Point"",""coordinates"":[-73.53833494623433,5.198999706841731]}"
226_0,0.5045348,"{""geodesic"":false,""type"":""Point"",""coordinates"":[-73.45748657066358,4.130004518739501]}"
227_0,0.20372954,"{""geodesic"":false,""type"":""Point"",""coordinates"":[-73.16104252690413,3.9683077675979863]}"
228_0,0.19379643,"{""geodesic"":false,""type"":""Point"",""coordinates"":[-73.32273927804565,4.462381173863723]}"
229_0,0.939886,"{""geodesic"":false,""type"":""Point"",""coordinates"":[-73.15205937406294,5.7918877943606155]}"
230_0,0.7871545,"{""geodesic"":false,""type"":""Point"",""coordinates"":[-74.23452929142697,4.889080933820496]}"
231_0,0.4918599,"{""geodesic"":false,""type"":""Point"",""coordinates"":[-73.4170623828782,4.0087319553833645]}"
232_0,0.3326518,"{""geodesic"":false,""type"":""Point"",""coordinates"":[-74.31088609057711,5.558325820489539]}"
233_0,0.23093131,"{""geodesic"":false,""type"":""Point"",""coordinates"":[-74.7196195448515,4.570179007958066]}"
234_0,0.4357444,"{""geodesic"":false,""type"":""Point"",""coordinates"":[-74.50402387666281,4.11203821305711]}"
235_0,0.22301726,"{""geodesic"":false,""type"":""Point"",""coordinates"":[-73.05773626923039,5.028319802859022]}"
236_0,0.2869501,"{""geodesic"":false,""type"":""Point"",""coordinates"":[-73.48892760560776,3.752712099409301]}"
237_0,0.21898055,"{""geodesic"":false,""type"":""Point"",""coordinates"":[-74.49054914740103,4.031189837486353]}"
238_0,0.9297834,"{""geodesic"":false,""type"":""Point"",""coordinates"":[-73.87969475419975,4.9474714272882645]}"
239_0,1.4289409,"{""geodesic"":false,""type"":""Point"",""coordinates"":[-74.38275131330668,4.421956986078345]}"
240_0,1.8853996,"{""geodesic"":false,""type"":""Point"",""coordinates"":[-74.10876515165023,4.925013545185277]}"
241_0,0.19172555,"{""geodesic"":false,""type"":""Point"",""coordinates"":[-73.2194330203719,4.489330632387309]}"
242_0,0.1871223,"{""geodesic"":false,""type"":""Point"",""coordinates"":[-73.17002567974532,4.785774676146751]}"
243_0,31.758675,"{""geodesic"":false,""type"":""Point"",""coordinates"":[-74.11325672807082,4.516280090910895]}"
244_0,0.18627672,"{""geodesic"":false,""type"":""Point"",""coordinates"":[-74.20757983290338,5.490952174180576]}"
245_0,0.84064656,"{""geodesic"":false,""type"":""Point"",""coordinates"":[-73.90664421272334,5.095693449167986]}"
246_0,0.1895701,"{""geodesic"":false,""type"":""Point"",""coordinates"":[-74.67470378064553,5.630191043219101]}"
247_0,0.19383165,"{""geodesic"":false,""type"":""Point"",""coordinates"":[-74.63877116928074,4.9474714272882645]}"
248_0,0.16677892,"{""geodesic"":false,""type"":""Point"",""coordinates"":[-73.3946045007752,4.682468418473006]}"
249_0,1.4189267,"{""geodesic"":false,""type"":""Point"",""coordinates"":[-73.00383735218321,5.630191043219101]}"
250_0,0.25905406,"{""geodesic"":false,""type"":""Point"",""coordinates"":[-73.73596430874062,4.246785505675038]}"
251_0,0.4448866,"{""geodesic"":false,""type"":""Point"",""coordinates"":[-73.56079282833733,5.077727143485595]}"
252_0,0.24498852,"{""geodesic"":false,""type"":""Point"",""coordinates"":[-73.08917730417457,5.621207890377906]}"
253_0,0.18747033,"{""geodesic"":false,""type"":""Point"",""coordinates"":[-73.00832892860382,4.992387191494241]}"
254_0,0.23926307,"{""geodesic"":false,""type"":""Point"",""coordinates"":[-73.90215263630274,5.5044269034423685]}"
255_0,0.18457857,"{""geodesic"":false,""type"":""Point"",""coordinates"":[-74.39622604256847,5.544851091227747]}"
256_0,0.8755505,"{""geodesic"":false,""type"":""Point"",""coordinates"":[-74.31537766699772,4.992387191494241]}"
257_0,0.21903102,"{""geodesic"":false,""type"":""Point"",""coordinates"":[-74.11774830449143,5.621207890377906]}"
258_0,0.17752045,"{""geodesic"":false,""type"":""Point"",""coordinates"":[-73.0307868107068,5.297814388094879]}"
259_0,0.19736983,"{""geodesic"":false,""type"":""Point"",""coordinates"":[-73.10265203343637,5.35171330514205]}"
260_0,0.23455666,"{""geodesic"":false,""type"":""Point"",""coordinates"":[-73.43952026498118,5.230440741785914]}"
261_0,0.2035484,"{""geodesic"":false,""type"":""Point"",""coordinates"":[-73.66859066243167,5.450527986395197]}"
262_0,0.3060458,"{""geodesic"":false,""type"":""Point"",""coordinates"":[-73.63265805106688,5.077727143485595]}"
263_0,0.23528513,"{""geodesic"":false,""type"":""Point"",""coordinates"":[-73.31375612520445,4.291701269881014]}"
264_0,0.18814924,"{""geodesic"":false,""type"":""Point"",""coordinates"":[-74.43215865393326,5.666123654583882]}"
265_0,1.4291171,"{""geodesic"":false,""type"":""Point"",""coordinates"":[-73.63714962748747,3.815594169297668]}"
266_0,0.8346546,"{""geodesic"":false,""type"":""Point"",""coordinates"":[-74.73758585053389,4.152462400842488]}"
267_0,0.17264308,"{""geodesic"":false,""type"":""Point"",""coordinates"":[-74.04139150534127,5.7334973008928465]}"
268_0,0.23292749,"{""geodesic"":false,""type"":""Point"",""coordinates"":[-73.74494746158182,5.486460597759978]}"
269_0,0.16615075,"{""geodesic"":false,""type"":""Point"",""coordinates"":[-74.06384938744425,3.779661557932887]}"
270_0,0.47263786,"{""geodesic"":false,""type"":""Point"",""coordinates"":[-73.52036864055194,5.6751068074250774]}"
271_0,0.27401662,"{""geodesic"":false,""type"":""Point"",""coordinates"":[-74.76902688547807,4.525263243752089]}"
272_0,0.20350257,"{""geodesic"":false,""type"":""Point"",""coordinates"":[-74.25698717352995,5.320272270197866]}"
273_0,0.2116518,"{""geodesic"":false,""type"":""Point"",""coordinates"":[-74.67919535706612,3.936866732653803]}"
274_0,0.30884796,"{""geodesic"":false,""type"":""Point"",""coordinates"":[-73.4260455357194,5.0687439906444]}"
275_0,0.22435425,"{""geodesic"":false,""type"":""Point"",""coordinates"":[-73.16104252690413,5.252898623888902]}"
276_0,0.24705096,"{""geodesic"":false,""type"":""Point"",""coordinates"":[-73.08019415133337,5.603241584695516]}"
277_0,0.20268984,"{""geodesic"":false,""type"":""Point"",""coordinates"":[-73.68655696811405,5.477477444918782]}"
278_0,0.26136974,"{""geodesic"":false,""type"":""Point"",""coordinates"":[-73.72248957947883,5.2573902003095]}"
279_0,0.26140448,"{""geodesic"":false,""type"":""Point"",""coordinates"":[-73.87071160135855,4.085088754533524]}"
280_0,3.086911,"{""geodesic"":false,""type"":""Point"",""coordinates"":[-74.00545889397648,4.713909453417189]}"
281_0,0.43710992,"{""geodesic"":false,""type"":""Point"",""coordinates"":[-73.58325071044031,4.314159151984002]}"
282_0,0.1711342,"{""geodesic"":false,""type"":""Point"",""coordinates"":[-74.31088609057711,5.720022571631054]}"
283_0,1.7939315,"{""geodesic"":false,""type"":""Point"",""coordinates"":[-74.48605757098042,4.992387191494241]}"
284_0,0.20528737,"{""geodesic"":false,""type"":""Point"",""coordinates"":[-74.5489396408688,5.16306709547695]}"
285_0,0.29687524,"{""geodesic"":false,""type"":""Point"",""coordinates"":[-74.85436683746943,4.7184010298377865]}"
286_0,0.29408443,"{""geodesic"":false,""type"":""Point"",""coordinates"":[-74.5219901823452,5.266373353150695]}"
287_0,22.27853,"{""geodesic"":false,""type"":""Point"",""coordinates"":[-74.20308825648277,4.7004347241553965]}"
288_0,0.2159351,"{""geodesic"":false,""type"":""Point"",""coordinates"":[-73.63265805106688,4.6420442306876275]}"
289_0,0.17769717,"{""geodesic"":false,""type"":""Point"",""coordinates"":[-73.45299499424297,4.857639898876313]}"
290_0,0.2211098,"{""geodesic"":false,""type"":""Point"",""coordinates"":[-73.67308223885226,4.7004347241553965]}"
291_0,0.18390863,"{""geodesic"":false,""type"":""Point"",""coordinates"":[-73.94706840050871,5.288831235253683]}"
292_0,0.23797451,"{""geodesic"":false,""type"":""Point"",""coordinates"":[-73.87071160135855,3.707796335203325]}"
293_0,0.19698371,"{""geodesic"":false,""type"":""Point"",""coordinates"":[-73.56977598117851,5.374171187245038]}"
294_0,0.21372682,"{""geodesic"":false,""type"":""Point"",""coordinates"":[-74.85436683746943,5.329255423039061]}"
295_0,0.4340664,"{""geodesic"":false,""type"":""Point"",""coordinates"":[-74.37376816046549,4.925013545185277]}"
296_0,0.7065887,"{""geodesic"":false,""type"":""Point"",""coordinates"":[-73.52935179339313,4.026698261065755]}"
297_0,0.18889746,"{""geodesic"":false,""type"":""Point"",""coordinates"":[-73.08468572775398,3.707796335203325]}"
298_0,1.559403,"{""geodesic"":false,""type"":""Point"",""coordinates"":[-73.67757381527285,4.116529789477707]}"
299_0,0.32547075,"{""geodesic"":false,""type"":""Point"",""coordinates"":[-73.2149414439513,5.526884785545357]}"
300_0,0.40281105,"{""geodesic"":false,""type"":""Point"",""coordinates"":[-73.62816647464628,5.598750008274918]}"
301_0,0.6096333,"{""geodesic"":false,""type"":""Point"",""coordinates"":[-73.25985720815729,5.652648925322089]}"
302_0,0.2658102,"{""geodesic"":false,""type"":""Point"",""coordinates"":[-73.5967254397021,5.549342667648344]}"
303_0,0.5569374,"{""geodesic"":false,""type"":""Point"",""coordinates"":[-73.13409306838055,5.720022571631054]}"
304_0,0.5864738,"{""geodesic"":false,""type"":""Point"",""coordinates"":[-74.75555215621628,4.1255129423189025]}"
305_0,0.5065098,"{""geodesic"":false,""type"":""Point"",""coordinates"":[-74.40970077183027,4.43094013891954]}"
306_0,0.23129791,"{""geodesic"":false,""type"":""Point"",""coordinates"":[-74.75555215621628,5.477477444918782]}"
307_0,0.42030528,"{""geodesic"":false,""type"":""Point"",""coordinates"":[-73.89316948346155,4.408482256816552]}"
308_0,0.2387102,"{""geodesic"":false,""type"":""Point"",""coordinates"":[-73.89766105988214,4.058139296009939]}"
309_0,0.1703874,"{""geodesic"":false,""type"":""Point"",""coordinates"":[-74.69267008632792,5.001370344335436]}"
310_0,0.2516851,"{""geodesic"":false,""type"":""Point"",""coordinates"":[-73.2239245967925,4.026698261065755]}"
311_0,0.35844553,"{""geodesic"":false,""type"":""Point"",""coordinates"":[-73.34070558372804,3.8964425448684246]}"
312_0,0.21434021,"{""geodesic"":false,""type"":""Point"",""coordinates"":[-73.08468572775398,5.472985868498185]}"
313_0,1.0154108,"{""geodesic"":false,""type"":""Point"",""coordinates"":[-73.83477898999378,5.046286108541413]}"
314_0,0.18349862,"{""geodesic"":false,""type"":""Point"",""coordinates"":[-74.41419234825086,5.5223932091247585]}"
315_0,0.20177485,"{""geodesic"":false,""type"":""Point"",""coordinates"":[-73.06671942207159,5.14510078979456]}"
316_0,0.22027904,"{""geodesic"":false,""type"":""Point"",""coordinates"":[-73.34519716014863,5.742480453734041]}"
317_0,0.23161829,"{""geodesic"":false,""type"":""Point"",""coordinates"":[-73.18799198542771,5.261881776730098]}"
318_0,0.3531866,"{""geodesic"":false,""type"":""Point"",""coordinates"":[-73.48443602918717,5.347221728721452]}"
319_0,0.25308856,"{""geodesic"":false,""type"":""Point"",""coordinates"":[-74.5309733351864,5.113659754850376]}"
320_0,0.26268077,"{""geodesic"":false,""type"":""Point"",""coordinates"":[-73.48892760560776,4.691451571314201]}"
321_0,0.38591534,"{""geodesic"":false,""type"":""Point"",""coordinates"":[-74.8947910252548,4.534246396593285]}"
322_0,0.57312864,"{""geodesic"":false,""type"":""Point"",""coordinates"":[-73.5877422868609,4.314159151984002]}"
323_0,0.41526574,"{""geodesic"":false,""type"":""Point"",""coordinates"":[-74.58936382865417,4.462381173863723]}"
324_0,3.4900775,"{""geodesic"":false,""type"":""Point"",""coordinates"":[-74.34232712552131,4.763316794043763]}"
325_0,0.25429717,"{""geodesic"":false,""type"":""Point"",""coordinates"":[-74.31537766699772,5.35171330514205]}"
326_0,0.20391116,"{""geodesic"":false,""type"":""Point"",""coordinates"":[-73.27333193741907,4.974420885811851]}"
327_0,0.20181248,"{""geodesic"":false,""type"":""Point"",""coordinates"":[-73.039769963548,4.520771667331492]}"
328_0,0.45697603,"{""geodesic"":false,""type"":""Point"",""coordinates"":[-73.88867790704094,4.781283099726154]}"
329_0,0.20966692,"{""geodesic"":false,""type"":""Point"",""coordinates"":[-73.75393061442301,4.46687275028432]}"
330_0,0.41351813,"{""geodesic"":false,""type"":""Point"",""coordinates"":[-74.52648175876581,4.228819199992648]}"
331_0,0.22709528,"{""geodesic"":false,""type"":""Point"",""coordinates"":[-73.74494746158182,4.713909453417189]}"
332_0,0.2760225,"{""geodesic"":false,""type"":""Point"",""coordinates"":[-73.12061833911875,5.634682619639698]}"
333_0,1.3107791,"{""geodesic"":false,""type"":""Point"",""coordinates"":[-73.7898632257878,3.9323751562332054]}"
334_0,0.16329631,"{""geodesic"":false,""type"":""Point"",""coordinates"":[-74.89029944883421,5.737988877313444]}"
335_0,0.16769698,"{""geodesic"":false,""type"":""Point"",""coordinates"":[-74.26147874995054,5.760446759416432]}"
336_0,0.30407968,"{""geodesic"":false,""type"":""Point"",""coordinates"":[-74.33334397268011,4.907047239502886]}"
337_0,0.2105742,"{""geodesic"":false,""type"":""Point"",""coordinates"":[-73.53384336981374,5.185524977579938]}"
338_0,0.3017841,"{""geodesic"":false,""type"":""Point"",""coordinates"":[-73.84376214283498,4.790266252567348]}"
339_0,0.18797338,"{""geodesic"":false,""type"":""Point"",""coordinates"":[-73.5922338632815,4.974420885811851]}"
340_0,2.682247,"{""geodesic"":false,""type"":""Point"",""coordinates"":[-74.59834698149537,4.201869741469062]}"
341_0,0.3670311,"{""geodesic"":false,""type"":""Point"",""coordinates"":[-74.14918933943561,5.549342667648344]}"
342_0,0.21538647,"{""geodesic"":false,""type"":""Point"",""coordinates"":[-74.66122905138373,5.23942389462711]}"
343_0,1.068033,"{""geodesic"":false,""type"":""Point"",""coordinates"":[-73.37214661867222,4.053647719589341]}"
344_0,2.3030949,"{""geodesic"":false,""type"":""Point"",""coordinates"":[-73.70901485021705,3.8650015099242414]}"
345_0,0.20793761,"{""geodesic"":false,""type"":""Point"",""coordinates"":[-74.83640053178704,5.329255423039061]}"
346_0,1.2565649,"{""geodesic"":false,""type"":""Point"",""coordinates"":[-74.80945107326346,4.251277082095636]}"
347_0,0.23566763,"{""geodesic"":false,""type"":""Point"",""coordinates"":[-73.72698115589944,4.974420885811851]}"
348_0,0.2789916,"{""geodesic"":false,""type"":""Point"",""coordinates"":[-73.63714962748747,5.679598383845675]}"
349_0,0.3802318,"{""geodesic"":false,""type"":""Point"",""coordinates"":[-74.57139752297178,5.118151331270974]}"
350_0,1.7430128,"{""geodesic"":false,""type"":""Point"",""coordinates"":[-73.75393061442301,4.01771510822456]}"
351_0,0.22609197,"{""geodesic"":false,""type"":""Point"",""coordinates"":[-74.45910811245685,5.48196902133938]}"
352_0,0.3615143,"{""geodesic"":false,""type"":""Point"",""coordinates"":[-73.86622002493796,4.556704278696273]}"
353_0,0.24226128,"{""geodesic"":false,""type"":""Point"",""coordinates"":[-74.00995047039709,5.104676602009181]}"
354_0,0.17706443,"{""geodesic"":false,""type"":""Point"",""coordinates"":[-73.37214661867222,4.740858911940775]}"
355_0,0.208873,"{""geodesic"":false,""type"":""Point"",""coordinates"":[-74.66122905138373,4.682468418473006]}"
356_0,0.28797272,"{""geodesic"":false,""type"":""Point"",""coordinates"":[-74.57139752297178,4.835182016773325]}"
357_0,2.8083198,"{""geodesic"":false,""type"":""Point"",""coordinates"":[-73.62367489822569,3.8425436278212532]}"
358_0,0.18702179,"{""geodesic"":false,""type"":""Point"",""coordinates"":[-74.22554613858577,3.9638161911773886]}"
359_0,0.17758633,"{""geodesic"":false,""type"":""Point"",""coordinates"":[-73.30926454878386,4.44890644460193]}"
360_0,0.23528518,"{""geodesic"":false,""type"":""Point"",""coordinates"":[-74.82741737894584,5.5807837025925275]}"
361_0,0.18722813,"{""geodesic"":false,""type"":""Point"",""coordinates"":[-74.80495949684286,5.490952174180576]}"
362_0,0.23298137,"{""geodesic"":false,""type"":""Point"",""coordinates"":[-73.70901485021705,5.48196902133938]}"
363_0,1.8337204,"{""geodesic"":false,""type"":""Point"",""coordinates"":[-74.26147874995054,4.803740981829141]}"
364_0,0.48164693,"{""geodesic"":false,""type"":""Point"",""coordinates"":[-73.87071160135855,4.821707287511532]}"
365_0,0.19095145,"{""geodesic"":false,""type"":""Point"",""coordinates"":[-74.64326274570135,3.7841531343534847]}"
366_0,0.20168456,"{""geodesic"":false,""type"":""Point"",""coordinates"":[-74.77351846189868,5.540359514807149]}"
367_0,0.53617775,"{""geodesic"":false,""type"":""Point"",""coordinates"":[-74.25698717352995,4.983404038653045]}"
368_0,0.30431247,"{""geodesic"":false,""type"":""Point"",""coordinates"":[-74.79597634400166,4.480347479546114]}"
369_0,0.5204521,"{""geodesic"":false,""type"":""Point"",""coordinates"":[-73.52486021697254,5.598750008274918]}"
370_0,1.5980403,"{""geodesic"":false,""type"":""Point"",""coordinates"":[-74.40970077183027,4.911538815923484]}"
371_0,0.19324009,"{""geodesic"":false,""type"":""Point"",""coordinates"":[-73.06222784565098,4.255768658516233]}"
372_0,0.20810331,"{""geodesic"":false,""type"":""Point"",""coordinates"":[-73.32723085446625,4.942979850867667]}"
373_0,0.17805883,"{""geodesic"":false,""type"":""Point"",""coordinates"":[-74.18063037437979,3.8650015099242414]}"
374_0,0.18292946,"{""geodesic"":false,""type"":""Point"",""coordinates"":[-74.31088609057711,3.9233920033920104]}"
375_0,0.42297474,"{""geodesic"":false,""type"":""Point"",""coordinates"":[-73.84376214283498,3.8425436278212532]}"
376_0,0.44455323,"{""geodesic"":false,""type"":""Point"",""coordinates"":[-74.5399564880276,4.65551895994942]}"
377_0,0.17301854,"{""geodesic"":false,""type"":""Point"",""coordinates"":[-74.1357146101738,5.715530995210456]}"
378_0,0.18823856,"{""geodesic"":false,""type"":""Point"",""coordinates"":[-74.18961352722098,4.062630872430536]}"
379_0,2.2635028,"{""geodesic"":false,""type"":""Point"",""coordinates"":[-73.91562736556453,4.920521968764679]}"
380_0,0.19502442,"{""geodesic"":false,""type"":""Point"",""coordinates"":[-73.46197814708417,4.664502112790616]}"
381_0,0.23968594,"{""geodesic"":false,""type"":""Point"",""coordinates"":[-73.80782953147019,5.374171187245038]}"
382_0,0.20297042,"{""geodesic"":false,""type"":""Point"",""coordinates"":[-74.19859668006218,4.103055060215914]}"
383_0,0.2937969,"{""geodesic"":false,""type"":""Point"",""coordinates"":[-74.76902688547807,3.9009341212890223]}"
384_0,25.576418,"{""geodesic"":false,""type"":""Point"",""coordinates"":[-74.167155645118,4.56119585511687]}"
385_0,0.32997608,"{""geodesic"":false,""type"":""Point"",""coordinates"":[-73.84825371925557,4.368058069031173]}"
386_0,0.4128227,"{""geodesic"":false,""type"":""Point"",""coordinates"":[-73.2149414439513,5.544851091227747]}"
387_0,0.1899273,"{""geodesic"":false,""type"":""Point"",""coordinates"":[-73.18799198542771,5.091201872747388]}"
388_0,19.169645,"{""geodesic"":false,""type"":""Point"",""coordinates"":[-74.10876515165023,4.516280090910895]}"
389_0,0.22767335,"{""geodesic"":false,""type"":""Point"",""coordinates"":[-73.30477297236325,5.347221728721452]}"
390_0,1.2952255,"{""geodesic"":false,""type"":""Point"",""coordinates"":[-73.94706840050871,5.086710296326791]}"
391_0,0.2434098,"{""geodesic"":false,""type"":""Point"",""coordinates"":[-73.9919841647147,4.305175999142807]}"
392_0,0.1674956,"{""geodesic"":false,""type"":""Point"",""coordinates"":[-73.408079230037,4.902555663082289]}"
393_0,0.15671098,"{""geodesic"":false,""type"":""Point"",""coordinates"":[-74.44563338319504,3.815594169297668]}"
394_0,0.25537848,"{""geodesic"":false,""type"":""Point"",""coordinates"":[-74.56690594655119,3.9233920033920104]}"
395_0,0.25694448,"{""geodesic"":false,""type"":""Point"",""coordinates"":[-73.9919841647147,4.341108610507588]}"
396_0,0.20858616,"{""geodesic"":false,""type"":""Point"",""coordinates"":[-74.66122905138373,3.847035204241851]}"
397_0,0.32836977,"{""geodesic"":false,""type"":""Point"",""coordinates"":[-73.20595829111011,5.531376361965954]}"
398_0,0.2304844,"{""geodesic"":false,""type"":""Point"",""coordinates"":[-73.09366888059517,3.9638161911773886]}"
399_0,0.2503185,"{""geodesic"":false,""type"":""Point"",""coordinates"":[-73.93808524766752,5.149592366215157]}"
400_0,0.19730681,"{""geodesic"":false,""type"":""Point"",""coordinates"":[-73.69104854453465,4.709417876996592]}"
401_0,0.20256819,"{""geodesic"":false,""type"":""Point"",""coordinates"":[-74.46359968887744,5.374171187245038]}"
402_0,0.27713588,"{""geodesic"":false,""type"":""Point"",""coordinates"":[-73.2239245967925,4.053647719589341]}"
403_0,0.18106686,"{""geodesic"":false,""type"":""Point"",""coordinates"":[-74.29741136131533,5.508918479862966]}"
404_0,0.21478096,"{""geodesic"":false,""type"":""Point"",""coordinates"":[-73.17002567974532,5.315780693777269]}"
405_0,0.6355809,"{""geodesic"":false,""type"":""Point"",""coordinates"":[-74.49054914740103,3.981782496859779]}"
406_0,0.19706208,"{""geodesic"":false,""type"":""Point"",""coordinates"":[-74.58936382865417,5.715530995210456]}"
407_0,0.23182374,"{""geodesic"":false,""type"":""Point"",""coordinates"":[-73.2239245967925,5.432561680712807]}"
408_0,0.8059589,"{""geodesic"":false,""type"":""Point"",""coordinates"":[-73.6102001689639,4.035681413906951]}"
409_0,0.41128856,"{""geodesic"":false,""type"":""Point"",""coordinates"":[-73.69104854453465,3.757203675829899]}"
410_0,43.809204,"{""geodesic"":false,""type"":""Point"",""coordinates"":[-74.02342519965887,4.740858911940775]}"
411_0,0.22644489,"{""geodesic"":false,""type"":""Point"",""coordinates"":[-74.76453530905748,5.154083942635755]}"
412_0,0.19918048,"{""geodesic"":false,""type"":""Point"",""coordinates"":[-73.22841617321309,4.30068442272221]}"
413_0,0.86189294,"{""geodesic"":false,""type"":""Point"",""coordinates"":[-73.30028139594266,3.981782496859779]}"
414_0,0.1977463,"{""geodesic"":false,""type"":""Point"",""coordinates"":[-73.25087405531609,4.529754820172688]}"
415_0,0.21130443,"{""geodesic"":false,""type"":""Point"",""coordinates"":[-74.05037465818246,4.314159151984002]}"
416_0,0.75413275,"{""geodesic"":false,""type"":""Point"",""coordinates"":[-73.25985720815729,5.616716313957308]}"
417_0,0.22153266,"{""geodesic"":false,""type"":""Point"",""coordinates"":[-73.19697513826891,4.143479248001293]}"
418_0,0.25140205,"{""geodesic"":false,""type"":""Point"",""coordinates"":[-73.32273927804565,4.161445553683683]}"
419_0,0.171253,"{""geodesic"":false,""type"":""Point"",""coordinates"":[-74.27046190279174,4.0671224488511335]}"
420_0,0.16558959,"{""geodesic"":false,""type"":""Point"",""coordinates"":[-74.62080486359835,3.752712099409301]}"
421_0,0.21723992,"{""geodesic"":false,""type"":""Point"",""coordinates"":[-74.40970077183027,5.378662763665635]}"
422_0,0.23728372,"{""geodesic"":false,""type"":""Point"",""coordinates"":[-74.21656298574457,5.118151331270974]}"
423_0,0.3973954,"{""geodesic"":false,""type"":""Point"",""coordinates"":[-74.70614481558971,5.347221728721452]}"
424_0,0.18103425,"{""geodesic"":false,""type"":""Point"",""coordinates"":[-74.69716166274851,4.9878956150736435]}"
425_0,0.3786811,"{""geodesic"":false,""type"":""Point"",""coordinates"":[-74.10876515165023,5.149592366215157]}"
426_0,0.19356208,"{""geodesic"":false,""type"":""Point"",""coordinates"":[-73.19697513826891,4.709417876996592]}"
427_0,0.23159918,"{""geodesic"":false,""type"":""Point"",""coordinates"":[-74.31088609057711,5.270864929571292]}"
428_0,0.350298,"{""geodesic"":false,""type"":""Point"",""coordinates"":[-73.61918332180508,4.808232558249739]}"
429_0,0.48487747,"{""geodesic"":false,""type"":""Point"",""coordinates"":[-73.798846378629,4.974420885811851]}"
430_0,0.231888,"{""geodesic"":false,""type"":""Point"",""coordinates"":[-73.92461051840573,3.9997488025421695]}"
431_0,0.18719989,"{""geodesic"":false,""type"":""Point"",""coordinates"":[-73.74045588516123,4.3186507284046]}"
432_0,0.303044,"{""geodesic"":false,""type"":""Point"",""coordinates"":[-73.36765504225163,5.154083942635755]}"
433_0,0.16790256,"{""geodesic"":false,""type"":""Point"",""coordinates"":[-73.39909607719581,4.606111619322847]}"
434_0,0.19185226,"{""geodesic"":false,""type"":""Point"",""coordinates"":[-74.68368693348673,3.7706784050916915]}"
435_0,0.4328273,"{""geodesic"":false,""type"":""Point"",""coordinates"":[-74.46809126529804,4.165937130104282]}"
436_0,0.24690858,"{""geodesic"":false,""type"":""Point"",""coordinates"":[-74.25249559710934,5.198999706841731]}"
437_0,0.18690869,"{""geodesic"":false,""type"":""Point"",""coordinates"":[-73.47545287634597,4.502805361649101]}"
438_0,0.19213116,"{""geodesic"":false,""type"":""Point"",""coordinates"":[-74.14020618659441,5.248407047468304]}"
439_0,0.1974605,"{""geodesic"":false,""type"":""Point"",""coordinates"":[-73.2239245967925,5.302305964515476]}"
440_0,8.718723,"{""geodesic"":false,""type"":""Point"",""coordinates"":[-73.7853716493672,3.981782496859779]}"
441_0,2.7743316,"{""geodesic"":false,""type"":""Point"",""coordinates"":[-73.70452327379644,3.878476239186034]}"
442_0,1.3969289,"{""geodesic"":false,""type"":""Point"",""coordinates"":[-74.54444806444819,4.556704278696273]}"
443_0,0.3969579,"{""geodesic"":false,""type"":""Point"",""coordinates"":[-73.88418633062035,4.417465409657747]}"
444_0,18.861107,"{""geodesic"":false,""type"":""Point"",""coordinates"":[-73.64613278032867,4.143479248001293]}"
445_0,0.19510655,"{""geodesic"":false,""type"":""Point"",""coordinates"":[-73.29129824310147,4.579162160799261]}"
446_0,0.27375364,"{""geodesic"":false,""type"":""Point"",""coordinates"":[-73.80333795504959,4.165937130104282]}"
447_0,0.18910596,"{""geodesic"":false,""type"":""Point"",""coordinates"":[-73.20146671468952,5.055269261382607]}"
448_0,1.2131717,"{""geodesic"":false,""type"":""Point"",""coordinates"":[-73.70901485021705,3.802119440035875]}"
449_0,0.1954264,"{""geodesic"":false,""type"":""Point"",""coordinates"":[-73.12510991553935,5.0687439906444]}"
450_0,0.614417,"{""geodesic"":false,""type"":""Point"",""coordinates"":[-74.45012495961565,5.0822187199061934]}"
451_0,0.18894814,"{""geodesic"":false,""type"":""Point"",""coordinates"":[-74.167155645118,5.729005724472248]}"
452_0,0.19165124,"{""geodesic"":false,""type"":""Point"",""coordinates"":[-74.12223988091202,4.228819199992648]}"
453_0,0.26044384,"{""geodesic"":false,""type"":""Point"",""coordinates"":[-73.798846378629,5.428070104292209]}"
454_0,0.22665516,"{""geodesic"":false,""type"":""Point"",""coordinates"":[-73.12960149195995,4.3186507284046]}"
455_0,0.3807674,"{""geodesic"":false,""type"":""Point"",""coordinates"":[-73.48443602918717,3.847035204241851]}"
456_0,0.24627803,"{""geodesic"":false,""type"":""Point"",""coordinates"":[-73.56079282833733,5.544851091227747]}"
457_0,11.391818,"{""geodesic"":false,""type"":""Point"",""coordinates"":[-73.76740534368481,3.873984662765437]}"
458_0,0.1674173,"{""geodesic"":false,""type"":""Point"",""coordinates"":[-74.88580787241361,5.724514148051651]}"
459_0,0.4972489,"{""geodesic"":false,""type"":""Point"",""coordinates"":[-73.49341918202836,5.526884785545357]}"
460_0,0.15679711,"{""geodesic"":false,""type"":""Point"",""coordinates"":[-73.5877422868609,4.54322954943448]}"
461_0,0.36631152,"{""geodesic"":false,""type"":""Point"",""coordinates"":[-73.14756779764234,4.727384182678982]}"
462_0,0.29699427,"{""geodesic"":false,""type"":""Point"",""coordinates"":[-74.84987526104884,4.426448562498942]}"
463_0,0.22277403,"{""geodesic"":false,""type"":""Point"",""coordinates"":[-74.65673747496314,5.329255423039061]}"
464_0,0.48260313,"{""geodesic"":false,""type"":""Point"",""coordinates"":[-74.46359968887744,4.480347479546114]}"
465_0,0.22204365,"{""geodesic"":false,""type"":""Point"",""coordinates"":[-73.57426755759911,4.992387191494241]}"
466_0,4.2022495,"{""geodesic"":false,""type"":""Point"",""coordinates"":[-73.99647574113528,4.916030392344082]}"
467_0,0.12758958,"{""geodesic"":false,""type"":""Point"",""coordinates"":[-73.6102001689639,4.453398021022528]}"
468_0,0.16479549,"{""geodesic"":false,""type"":""Point"",""coordinates"":[-74.48156599455983,5.729005724472248]}"
469_0,1.9503218,"{""geodesic"":false,""type"":""Point"",""coordinates"":[-73.61469174538449,4.071614025271732]}"
470_0,0.294304,"{""geodesic"":false,""type"":""Point"",""coordinates"":[-74.1581724922768,5.540359514807149]}"
471_0,0.17841136,"{""geodesic"":false,""type"":""Point"",""coordinates"":[-73.47545287634597,4.646535807108225]}"
472_0,0.34422186,"{""geodesic"":false,""type"":""Point"",""coordinates"":[-74.85436683746943,5.567308973330735]}"
473_0,0.2631495,"{""geodesic"":false,""type"":""Point"",""coordinates"":[-74.21207140932397,5.526884785545357]}"
474_0,1.9442958,"{""geodesic"":false,""type"":""Point"",""coordinates"":[-74.25249559710934,4.7947578289879464]}"
475_0,0.21668261,"{""geodesic"":false,""type"":""Point"",""coordinates"":[-73.98749258829409,5.5628173969101375]}"
476_0,0.49110767,"{""geodesic"":false,""type"":""Point"",""coordinates"":[-73.47545287634597,5.5223932091247585]}"
477_0,2.076573,"{""geodesic"":false,""type"":""Point"",""coordinates"":[-74.24351244426816,4.65551895994942]}"
478_0,0.15371518,"{""geodesic"":false,""type"":""Point"",""coordinates"":[-74.12223988091202,3.7706784050916915]}"
479_0,0.17532004,"{""geodesic"":false,""type"":""Point"",""coordinates"":[-74.28393663205354,4.058139296009939]}"
480_0,10.126948,"{""geodesic"":false,""type"":""Point"",""coordinates"":[-74.01444204681768,4.95645458012946]}"
481_0,0.6460499,"{""geodesic"":false,""type"":""Point"",""coordinates"":[-74.40520919540967,4.74984206478197]}"
482_0,0.28672934,"{""geodesic"":false,""type"":""Point"",""coordinates"":[-73.34968873656923,4.969929309391253]}"
483_0,1.2231615,"{""geodesic"":false,""type"":""Point"",""coordinates"":[-73.69104854453465,4.0491561431687435]}"
484_0,0.30007777,"{""geodesic"":false,""type"":""Point"",""coordinates"":[-74.70614481558971,4.0491561431687435]}"
485_0,0.20195003,"{""geodesic"":false,""type"":""Point"",""coordinates"":[-73.15655095048353,5.401120645768623]}"
486_0,0.2648281,"{""geodesic"":false,""type"":""Point"",""coordinates"":[-74.63427959286015,5.181033401159341]}"
487_0,0.367582,"{""geodesic"":false,""type"":""Point"",""coordinates"":[-73.25087405531609,5.486460597759978]}"
488_0,1.2282447,"{""geodesic"":false,""type"":""Point"",""coordinates"":[-73.88867790704094,4.84416516961452]}"
489_0,0.18152946,"{""geodesic"":false,""type"":""Point"",""coordinates"":[-73.36316346583102,4.646535807108225]}"
490_0,1.1512455,"{""geodesic"":false,""type"":""Point"",""coordinates"":[-74.42317550109206,4.776791523305556]}"
491_0,1.6386452,"{""geodesic"":false,""type"":""Point"",""coordinates"":[-74.14020618659441,4.848656746035117]}"
492_0,0.6136829,"{""geodesic"":false,""type"":""Point"",""coordinates"":[-73.51138548771074,4.22432762357205]}"
493_0,0.17343003,"{""geodesic"":false,""type"":""Point"",""coordinates"":[-74.04588308176186,3.7976278636152774]}"
494_0,0.21626894,"{""geodesic"":false,""type"":""Point"",""coordinates"":[-73.08019415133337,3.9278835798126077]}"
495_0,0.22742717,"{""geodesic"":false,""type"":""Point"",""coordinates"":[-74.74656900337509,3.914408850550815]}"
496_0,0.20963483,"{""geodesic"":false,""type"":""Point"",""coordinates"":[-74.70614481558971,4.848656746035117]}"
497_0,2.28059,"{""geodesic"":false,""type"":""Point"",""coordinates"":[-74.40970077183027,4.368058069031173]}"
498_0,0.97847575,"{""geodesic"":false,""type"":""Point"",""coordinates"":[-73.61918332180508,4.044664566748145]}"
499_0,0.44316065,"{""geodesic"":false,""type"":""Point"",""coordinates"":[-74.50851545308342,5.010353497176632]}"
500_0,0.32626283,"{""geodesic"":false,""type"":""Point"",""coordinates"":[-74.34232712552131,5.4460364099745995]}"
501_0,0.22735345,"{""geodesic"":false,""type"":""Point"",""coordinates"":[-73.67308223885226,4.305175999142807]}"
502_0,0.17002656,"{""geodesic"":false,""type"":""Point"",""coordinates"":[-74.87682471957243,5.724514148051651]}"
503_0,0.25017956,"{""geodesic"":false,""type"":""Point"",""coordinates"":[-73.21044986753071,4.022206684645158]}"
504_0,0.5659619,"{""geodesic"":false,""type"":""Point"",""coordinates"":[-74.42317550109206,4.399499103975357]}"
505_0,0.5920594,"{""geodesic"":false,""type"":""Point"",""coordinates"":[-73.61469174538449,5.535867938386551]}"
506_0,0.39906856,"{""geodesic"":false,""type"":""Point"",""coordinates"":[-73.87071160135855,4.5656874315374685]}"
507_0,0.1920458,"{""geodesic"":false,""type"":""Point"",""coordinates"":[-73.0352783871274,3.869493086344839]}"
508_0,0.40923765,"{""geodesic"":false,""type"":""Point"",""coordinates"":[-73.29129824310147,4.071614025271732]}"
509_0,3.1368554,"{""geodesic"":false,""type"":""Point"",""coordinates"":[-73.10265203343637,5.028319802859022]}"
510_0,1.0403683,"{""geodesic"":false,""type"":""Point"",""coordinates"":[-73.62367489822569,3.81110259287707]}"
511_0,0.34338677,"{""geodesic"":false,""type"":""Point"",""coordinates"":[-73.21044986753071,4.085088754533524]}"
512_0,0.21193704,"{""geodesic"":false,""type"":""Point"",""coordinates"":[-73.75393061442301,5.535867938386551]}"
513_0,0.23783772,"{""geodesic"":false,""type"":""Point"",""coordinates"":[-74.70165323916912,4.686959994893604]}"
514_0,0.33399892,"{""geodesic"":false,""type"":""Point"",""coordinates"":[-73.84376214283498,4.475855903125516]}"
515_0,0.2829869,"{""geodesic"":false,""type"":""Point"",""coordinates"":[-73.55630125191672,4.332125457666392]}"
516_0,1.0679578,"{""geodesic"":false,""type"":""Point"",""coordinates"":[-74.75106057979569,5.2169660125241215]}"
517_0,0.31306052,"{""geodesic"":false,""type"":""Point"",""coordinates"":[-74.39622604256847,4.219836047151452]}"
518_0,0.21798518,"{""geodesic"":false,""type"":""Point"",""coordinates"":[-73.98749258829409,4.188395012207269]}"
519_0,0.3454806,"{""geodesic"":false,""type"":""Point"",""coordinates"":[-73.36316346583102,3.8605099335036437]}"
520_0,0.16932185,"{""geodesic"":false,""type"":""Point"",""coordinates"":[-74.37376816046549,3.7392373701475083]}"
521_0,0.24412917,"{""geodesic"":false,""type"":""Point"",""coordinates"":[-74.62080486359835,4.713909453417189]}"
522_0,0.86946917,"{""geodesic"":false,""type"":""Point"",""coordinates"":[-74.22105456216516,4.484839055966711]}"
523_0,0.5269664,"{""geodesic"":false,""type"":""Point"",""coordinates"":[-73.81232110789078,5.243915471047707]}"
524_0,0.2832712,"{""geodesic"":false,""type"":""Point"",""coordinates"":[-74.87682471957243,5.243915471047707]}"
525_0,1.1626829,"{""geodesic"":false,""type"":""Point"",""coordinates"":[-74.24351244426816,4.8711146281381055]}"
526_0,0.22414878,"{""geodesic"":false,""type"":""Point"",""coordinates"":[-73.11163518627755,5.243915471047707]}"
527_0,0.2055443,"{""geodesic"":false,""type"":""Point"",""coordinates"":[-74.5399564880276,5.1585755190563525]}"
528_0,0.18057902,"{""geodesic"":false,""type"":""Point"",""coordinates"":[-74.55343121728939,5.59425843185432]}"
529_0,0.23612964,"{""geodesic"":false,""type"":""Point"",""coordinates"":[-73.48892760560776,5.70654784236926]}"
530_0,0.2211145,"{""geodesic"":false,""type"":""Point"",""coordinates"":[-73.51138548771074,5.185524977579938]}"
531_0,0.3013097,"{""geodesic"":false,""type"":""Point"",""coordinates"":[-73.29578981952206,4.251277082095636]}"
532_0,0.28135753,"{""geodesic"":false,""type"":""Point"",""coordinates"":[-73.76291376726421,5.657140501742687]}"
533_0,0.37329897,"{""geodesic"":false,""type"":""Point"",""coordinates"":[-74.46359968887744,4.152462400842488]}"
534_0,0.24593902,"{""geodesic"":false,""type"":""Point"",""coordinates"":[-73.31375612520445,4.174920282945476]}"
535_0,0.18542333,"{""geodesic"":false,""type"":""Point"",""coordinates"":[-73.43502868856059,5.140609213373962]}"
536_0,0.52767205,"{""geodesic"":false,""type"":""Point"",""coordinates"":[-74.88580787241361,4.673485265631811]}"
537_0,0.21918231,"{""geodesic"":false,""type"":""Point"",""coordinates"":[-74.75106057979569,4.0087319553833645]}"
538_0,0.18756504,"{""geodesic"":false,""type"":""Point"",""coordinates"":[-74.08181569312664,4.138987671580695]}"
539_0,0.1657658,"{""geodesic"":false,""type"":""Point"",""coordinates"":[-74.00545889397648,5.764938335837029]}"
540_0,0.23602325,"{""geodesic"":false,""type"":""Point"",""coordinates"":[-74.75555215621628,5.455019562815795]}"
541_0,0.24018413,"{""geodesic"":false,""type"":""Point"",""coordinates"":[-73.6012170161227,5.136117636953364]}"
542_0,0.38699046,"{""geodesic"":false,""type"":""Point"",""coordinates"":[-74.06834096386486,5.095693449167986]}"
543_0,0.45037442,"{""geodesic"":false,""type"":""Point"",""coordinates"":[-73.33172243088684,4.1255129423189025]}"
544_0,0.17159526,"{""geodesic"":false,""type"":""Point"",""coordinates"":[-74.77801003831927,5.037302955700217]}"
545_0,0.19987957,"{""geodesic"":false,""type"":""Point"",""coordinates"":[-73.94706840050871,3.757203675829899]}"
546_0,0.63927424,"{""geodesic"":false,""type"":""Point"",""coordinates"":[-74.78699319116046,4.219836047151452]}"
547_0,0.20751533,"{""geodesic"":false,""type"":""Point"",""coordinates"":[-73.4170623828782,5.80087094720181]}"
548_0,0.21637392,"{""geodesic"":false,""type"":""Point"",""coordinates"":[-73.28231509026027,4.754333641202567]}"
549_0,0.26117492,"{""geodesic"":false,""type"":""Point"",""coordinates"":[-73.26884036099848,4.390515951134161]}"
550_0,0.26387832,"{""geodesic"":false,""type"":""Point"",""coordinates"":[-73.91562736556453,3.7976278636152774]}"
551_0,3.3781497,"{""geodesic"":false,""type"":""Point"",""coordinates"":[-74.10876515165023,4.866623051717508]}"
552_0,0.1928754,"{""geodesic"":false,""type"":""Point"",""coordinates"":[-74.75106057979569,3.7931362871946797]}"
553_0,1.2085408,"{""geodesic"":false,""type"":""Point"",""coordinates"":[-73.55180967549613,4.246785505675038]}"
554_0,0.19767886,"{""geodesic"":false,""type"":""Point"",""coordinates"":[-73.35867188941043,4.56119585511687]}"
555_0,0.6965782,"{""geodesic"":false,""type"":""Point"",""coordinates"":[-73.6012170161227,5.194508130421133]}"
556_0,0.16865228,"{""geodesic"":false,""type"":""Point"",""coordinates"":[-74.43665023035385,5.652648925322089]}"
557_0,0.55306864,"{""geodesic"":false,""type"":""Point"",""coordinates"":[-73.92011894198512,4.574670584378663]}"
558_0,0.60828334,"{""geodesic"":false,""type"":""Point"",""coordinates"":[-74.7241111212721,4.116529789477707]}"
559_0,1.0670776,"{""geodesic"":false,""type"":""Point"",""coordinates"":[-73.51138548771074,4.291701269881014]}"
560_0,0.2642361,"{""geodesic"":false,""type"":""Point"",""coordinates"":[-73.01731208144501,4.156953977263086]}"
561_0,0.2168337,"{""geodesic"":false,""type"":""Point"",""coordinates"":[-73.55630125191672,4.902555663082289]}"
562_0,1.8236798,"{""geodesic"":false,""type"":""Point"",""coordinates"":[-73.28680666668086,5.648157348901492]}"
563_0,26.701153,"{""geodesic"":false,""type"":""Point"",""coordinates"":[-74.88131629599302,4.147970824421891]}"
564_0,0.18882386,"{""geodesic"":false,""type"":""Point"",""coordinates"":[-73.408079230037,4.588145313640457]}"
565_0,0.19445926,"{""geodesic"":false,""type"":""Point"",""coordinates"":[-73.10265203343637,5.324763846618464]}"
566_0,0.2474033,"{""geodesic"":false,""type"":""Point"",""coordinates"":[-74.20757983290338,5.086710296326791]}"
567_0,0.27334866,"{""geodesic"":false,""type"":""Point"",""coordinates"":[-74.85436683746943,3.9233920033920104]}"
568_0,0.42512754,"{""geodesic"":false,""type"":""Point"",""coordinates"":[-73.82579583715258,3.8335604749800583]}"
569_0,0.18265715,"{""geodesic"":false,""type"":""Point"",""coordinates"":[-73.34070558372804,4.830690440352727]}"
570_0,0.4093072,"{""geodesic"":false,""type"":""Point"",""coordinates"":[-73.75393061442301,4.147970824421891]}"
571_0,0.2494211,"{""geodesic"":false,""type"":""Point"",""coordinates"":[-73.75842219084362,4.803740981829141]}"
572_0,0.20642173,"{""geodesic"":false,""type"":""Point"",""coordinates"":[-74.11774830449143,5.423578527871611]}"
573_0,0.23850417,"{""geodesic"":false,""type"":""Point"",""coordinates"":[-73.96054312977051,4.287209693460417]}"
574_0,0.5751212,"{""geodesic"":false,""type"":""Point"",""coordinates"":[-73.84825371925557,4.323142304825198]}"
575_0,0.27085617,"{""geodesic"":false,""type"":""Point"",""coordinates"":[-73.38562134793402,5.149592366215157]}"
576_0,0.30365822,"{""geodesic"":false,""type"":""Point"",""coordinates"":[-74.18063037437979,4.345600186928185]}"
577_0,0.38610157,"{""geodesic"":false,""type"":""Point"",""coordinates"":[-73.85274529567616,3.891950968447827]}"
578_0,0.6920417,"{""geodesic"":false,""type"":""Point"",""coordinates"":[-74.3468187019419,4.677976842052408]}"
579_0,0.2001513,"{""geodesic"":false,""type"":""Point"",""coordinates"":[-73.28680666668086,5.248407047468304]}"
580_0,0.27831018,"{""geodesic"":false,""type"":""Point"",""coordinates"":[-74.62529644001896,5.185524977579938]}"
581_0,0.3245147,"{""geodesic"":false,""type"":""Point"",""coordinates"":[-73.43952026498118,4.165937130104282]}"
582_0,0.20447154,"{""geodesic"":false,""type"":""Point"",""coordinates"":[-73.0352783871274,3.9907656497009745]}"
583_0,0.24849498,"{""geodesic"":false,""type"":""Point"",""coordinates"":[-73.71799800305824,5.796379370781213]}"
584_0,0.859432,"{""geodesic"":false,""type"":""Point"",""coordinates"":[-74.80945107326346,4.228819199992648]}"
585_0,0.19539519,"{""geodesic"":false,""type"":""Point"",""coordinates"":[-74.77351846189868,3.775169981512289]}"
586_0,0.22309208,"{""geodesic"":false,""type"":""Point"",""coordinates"":[-73.45299499424297,5.194508130421133]}"
587_0,0.24074017,"{""geodesic"":false,""type"":""Point"",""coordinates"":[-73.56977598117851,4.808232558249739]}"
588_0,0.23605128,"{""geodesic"":false,""type"":""Point"",""coordinates"":[-73.90215263630274,4.080597178112926]}"
589_0,0.24654226,"{""geodesic"":false,""type"":""Point"",""coordinates"":[-74.68368693348673,5.329255423039061]}"
590_0,0.94579625,"{""geodesic"":false,""type"":""Point"",""coordinates"":[-74.36478500762429,4.439923291760735]}"
591_0,0.23363212,"{""geodesic"":false,""type"":""Point"",""coordinates"":[-74.63877116928074,3.9278835798126077]}"
592_0,0.57561266,"{""geodesic"":false,""type"":""Point"",""coordinates"":[-73.74494746158182,5.35171330514205]}"
593_0,0.37754756,"{""geodesic"":false,""type"":""Point"",""coordinates"":[-73.79435480220839,4.95645458012946]}"
594_0,2.3857749,"{""geodesic"":false,""type"":""Point"",""coordinates"":[-73.9919841647147,4.907047239502886]}"
595_0,0.3666219,"{""geodesic"":false,""type"":""Point"",""coordinates"":[-73.37663819509282,5.423578527871611]}"
596_0,0.15476668,"{""geodesic"":false,""type"":""Point"",""coordinates"":[-74.24351244426816,3.6988131823621297]}"
597_0,0.19551963,"{""geodesic"":false,""type"":""Point"",""coordinates"":[-74.23452929142697,4.11203821305711]}"
598_0,0.20649791,"{""geodesic"":false,""type"":""Point"",""coordinates"":[-73.24189090247489,5.055269261382607]}"
599_0,0.19164784,"{""geodesic"":false,""type"":""Point"",""coordinates"":[-74.18961352722098,3.995257226121572]}"
600_0,0.5173627,"{""geodesic"":false,""type"":""Point"",""coordinates"":[-74.32436081983892,4.866623051717508]}"
601_0,0.2097037,"{""geodesic"":false,""type"":""Point"",""coordinates"":[-73.69104854453465,4.65551895994942]}"
602_0,0.20872314,"{""geodesic"":false,""type"":""Point"",""coordinates"":[-74.58936382865417,3.9099172741302173]}"
603_0,0.16557951,"{""geodesic"":false,""type"":""Point"",""coordinates"":[-74.14918933943561,4.11203821305711]}"
604_0,0.17346397,"{""geodesic"":false,""type"":""Point"",""coordinates"":[-73.84825371925557,5.755955182995835]}"
605_0,0.17058763,"{""geodesic"":false,""type"":""Point"",""coordinates"":[-74.39622604256847,4.044664566748145]}"
606_0,0.2127647,"{""geodesic"":false,""type"":""Point"",""coordinates"":[-74.7106363920103,4.592636890061054]}"
607_0,0.2509336,"{""geodesic"":false,""type"":""Point"",""coordinates"":[-73.90664421272334,4.282718117039819]}"
608_0,0.18969133,"{""geodesic"":false,""type"":""Point"",""coordinates"":[-73.52486021697254,4.44890644460193]}"
609_0,0.21395499,"{""geodesic"":false,""type"":""Point"",""coordinates"":[-73.02629523428621,5.046286108541413]}"
610_0,0.19642384,"{""geodesic"":false,""type"":""Point"",""coordinates"":[-73.2329077496337,4.327633881245795]}"
611_0,0.3500415,"{""geodesic"":false,""type"":""Point"",""coordinates"":[-74.76902688547807,4.408482256816552]}"
612_0,0.597384,"{""geodesic"":false,""type"":""Point"",""coordinates"":[-73.52486021697254,4.197378165048464]}"
613_0,0.30168915,"{""geodesic"":false,""type"":""Point"",""coordinates"":[-73.408079230037,4.3186507284046]}"
614_0,0.57989705,"{""geodesic"":false,""type"":""Point"",""coordinates"":[-74.76902688547807,4.462381173863723]}"
615_0,0.18833403,"{""geodesic"":false,""type"":""Point"",""coordinates"":[-74.31537766699772,3.9683077675979863]}"
616_0,0.14988995,"{""geodesic"":false,""type"":""Point"",""coordinates"":[-74.08630726954723,3.873984662765437]}"
617_0,0.22880453,"{""geodesic"":false,""type"":""Point"",""coordinates"":[-73.16104252690413,4.453398021022528]}"
618_0,0.260258,"{""geodesic"":false,""type"":""Point"",""coordinates"":[-74.7286026976927,4.053647719589341]}"
619_0,0.30277056,"{""geodesic"":false,""type"":""Point"",""coordinates"":[-74.31537766699772,4.916030392344082]}"
620_0,0.18185747,"{""geodesic"":false,""type"":""Point"",""coordinates"":[-73.49341918202836,4.552212702275676]}"
621_0,0.22447768,"{""geodesic"":false,""type"":""Point"",""coordinates"":[-73.91113578914393,3.7706784050916915]}"
622_0,0.23644358,"{""geodesic"":false,""type"":""Point"",""coordinates"":[-74.20757983290338,4.255768658516233]}"
623_0,0.38356173,"{""geodesic"":false,""type"":""Point"",""coordinates"":[-73.4170623828782,5.419086951451014]}"
624_0,0.17847665,"{""geodesic"":false,""type"":""Point"",""coordinates"":[-74.01893362323828,5.185524977579938]}"
625_0,0.20911372,"{""geodesic"":false,""type"":""Point"",""coordinates"":[-73.11163518627755,4.399499103975357]}"
626_0,0.26269904,"{""geodesic"":false,""type"":""Point"",""coordinates"":[-74.29741136131533,5.109168178429779]}"
627_0,0.22470741,"{""geodesic"":false,""type"":""Point"",""coordinates"":[-74.10876515165023,4.2782265406192215]}"
628_0,0.28095725,"{""geodesic"":false,""type"":""Point"",""coordinates"":[-73.38112977151341,4.246785505675038]}"
629_0,0.19048303,"{""geodesic"":false,""type"":""Point"",""coordinates"":[-74.21207140932397,4.143479248001293]}"
630_0,0.345624,"{""geodesic"":false,""type"":""Point"",""coordinates"":[-73.12960149195995,4.053647719589341]}"
631_0,0.24685131,"{""geodesic"":false,""type"":""Point"",""coordinates"":[-73.11163518627755,3.9009341212890223]}"
632_0,1.2355471,"{""geodesic"":false,""type"":""Point"",""coordinates"":[-73.70901485021705,4.197378165048464]}"
633_0,0.43685973,"{""geodesic"":false,""type"":""Point"",""coordinates"":[-73.71350642663764,5.428070104292209]}"
634_0,0.90904653,"{""geodesic"":false,""type"":""Point"",""coordinates"":[-73.75393061442301,5.697564689528066]}"
635_0,0.16797195,"{""geodesic"":false,""type"":""Point"",""coordinates"":[-74.12673145733262,5.23942389462711]}"
636_0,0.26031643,"{""geodesic"":false,""type"":""Point"",""coordinates"":[-74.25249559710934,5.194508130421133]}"
637_0,0.31337297,"{""geodesic"":false,""type"":""Point"",""coordinates"":[-73.70452327379644,5.49993532702177]}"
638_0,0.9533462,"{""geodesic"":false,""type"":""Point"",""coordinates"":[-73.94706840050871,4.673485265631811]}"
639_0,0.20866752,"{""geodesic"":false,""type"":""Point"",""coordinates"":[-73.15655095048353,4.7947578289879464]}"
640_0,0.25201827,"{""geodesic"":false,""type"":""Point"",""coordinates"":[-73.16104252690413,4.381532798292966]}"
641_0,0.83133173,"{""geodesic"":false,""type"":""Point"",""coordinates"":[-73.65960750959047,5.392137492927428]}"
642_0,0.18470792,"{""geodesic"":false,""type"":""Point"",""coordinates"":[-74.31537766699772,3.802119440035875]}"
643_0,0.20858411,"{""geodesic"":false,""type"":""Point"",""coordinates"":[-74.88131629599302,4.93848827444707]}"
644_0,0.23222895,"{""geodesic"":false,""type"":""Point"",""coordinates"":[-74.82292580252525,4.978912462232448]}"
645_0,0.5273925,"{""geodesic"":false,""type"":""Point"",""coordinates"":[-74.38275131330668,4.9878956150736435]}"
646_0,1.0232996,"{""geodesic"":false,""type"":""Point"",""coordinates"":[-74.01893362323828,5.041794532120814]}"
647_0,0.22136508,"{""geodesic"":false,""type"":""Point"",""coordinates"":[-73.37663819509282,3.7347457937269106]}"
648_0,0.2368977,"{""geodesic"":false,""type"":""Point"",""coordinates"":[-74.86334999031062,5.113659754850376]}"
649_0,0.51773745,"{""geodesic"":false,""type"":""Point"",""coordinates"":[-73.34968873656923,5.603241584695516]}"
650_0,0.1836864,"{""geodesic"":false,""type"":""Point"",""coordinates"":[-74.74656900337509,5.019336650017826]}"
651_0,0.23602325,"{""geodesic"":false,""type"":""Point"",""coordinates"":[-74.75555215621628,5.455019562815795]}"
652_0,0.20084675,"{""geodesic"":false,""type"":""Point"",""coordinates"":[-73.36316346583102,4.857639898876313]}"
653_0,1.0422658,"{""geodesic"":false,""type"":""Point"",""coordinates"":[-73.43053711213999,4.130004518739501]}"
654_0,0.21423626,"{""geodesic"":false,""type"":""Point"",""coordinates"":[-73.34070558372804,4.475855903125516]}"
655_0,0.23664577,"{""geodesic"":false,""type"":""Point"",""coordinates"":[-74.7241111212721,4.511788514490297]}"
656_0,0.22006497,"{""geodesic"":false,""type"":""Point"",""coordinates"":[-73.70003169737585,4.925013545185277]}"
657_0,1.3940922,"{""geodesic"":false,""type"":""Point"",""coordinates"":[-74.7286026976927,5.737988877313444]}"
658_0,0.21620336,"{""geodesic"":false,""type"":""Point"",""coordinates"":[-73.63265805106688,4.857639898876313]}"
659_0,0.20967169,"{""geodesic"":false,""type"":""Point"",""coordinates"":[-73.08917730417457,4.498313785228504]}"
660_0,0.27935672,"{""geodesic"":false,""type"":""Point"",""coordinates"":[-73.49341918202836,3.757203675829899]}"
661_0,0.17871986,"{""geodesic"":false,""type"":""Point"",""coordinates"":[-74.68817850990732,5.652648925322089]}"
662_0,0.9911461,"{""geodesic"":false,""type"":""Point"",""coordinates"":[-74.86334999031062,5.194508130421133]}"
663_0,0.18582165,"{""geodesic"":false,""type"":""Point"",""coordinates"":[-73.10714360985696,3.788644710774082]}"
664_0,0.4378176,"{""geodesic"":false,""type"":""Point"",""coordinates"":[-73.87520317777916,4.511788514490297]}"
665_0,0.1897695,"{""geodesic"":false,""type"":""Point"",""coordinates"":[-73.17900883258652,4.498313785228504]}"
666_0,0.19873473,"{""geodesic"":false,""type"":""Point"",""coordinates"":[-74.52648175876581,5.5044269034423685]}"
667_0,0.2749989,"{""geodesic"":false,""type"":""Point"",""coordinates"":[-73.84825371925557,3.712287911623923]}"
668_0,1.1937611,"{""geodesic"":false,""type"":""Point"",""coordinates"":[-74.5489396408688,4.790266252567348]}"
669_0,0.30385807,"{""geodesic"":false,""type"":""Point"",""coordinates"":[-73.4170623828782,4.179411859366074]}"
670_0,0.20261705,"{""geodesic"":false,""type"":""Point"",""coordinates"":[-73.12960149195995,3.752712099409301]}"
671_0,0.47455058,"{""geodesic"":false,""type"":""Point"",""coordinates"":[-73.37214661867222,5.401120645768623]}"
672_0,0.24655288,"{""geodesic"":false,""type"":""Point"",""coordinates"":[-74.86784156673123,4.439923291760735]}"
673_0,0.22569948,"{""geodesic"":false,""type"":""Point"",""coordinates"":[-73.21044986753071,5.261881776730098]}"
674_0,1.1280121,"{""geodesic"":false,""type"":""Point"",""coordinates"":[-74.76004373263689,4.359074916189979]}"
675_0,0.16889912,"{""geodesic"":false,""type"":""Point"",""coordinates"":[-73.86622002493796,5.760446759416432]}"
676_0,0.20740803,"{""geodesic"":false,""type"":""Point"",""coordinates"":[-73.27782351383966,4.951963003708863]}"
677_0,0.27141666,"{""geodesic"":false,""type"":""Point"",""coordinates"":[-73.43952026498118,5.769429912257627]}"
678_0,0.19421571,"{""geodesic"":false,""type"":""Point"",""coordinates"":[-74.13122303375322,5.746972030154639]}"
679_0,0.28912923,"{""geodesic"":false,""type"":""Point"",""coordinates"":[-73.69554012095524,5.796379370781213]}"
680_0,0.22060898,"{""geodesic"":false,""type"":""Point"",""coordinates"":[-73.74494746158182,5.737988877313444]}"
681_0,1.132205,"{""geodesic"":false,""type"":""Point"",""coordinates"":[-74.49953230024222,4.552212702275676]}"
682_0,0.17501572,"{""geodesic"":false,""type"":""Point"",""coordinates"":[-74.40071761898908,3.7302542173063133]}"
683_0,0.15881181,"{""geodesic"":false,""type"":""Point"",""coordinates"":[-74.39173446614788,4.026698261065755]}"
684_0,0.23136193,"{""geodesic"":false,""type"":""Point"",""coordinates"":[-74.1581724922768,4.264751811357429]}"
685_0,0.44817033,"{""geodesic"":false,""type"":""Point"",""coordinates"":[-73.4035876536164,5.4640027156569895]}"
686_0,0.26113316,"{""geodesic"":false,""type"":""Point"",""coordinates"":[-74.47707441813924,5.167558671897548]}"
687_0,0.2875232,"{""geodesic"":false,""type"":""Point"",""coordinates"":[-73.53833494623433,3.7347457937269106]}"
688_0,0.22755523,"{""geodesic"":false,""type"":""Point"",""coordinates"":[-73.65062435674928,5.019336650017826]}"
689_0,0.16899203,"{""geodesic"":false,""type"":""Point"",""coordinates"":[-74.47258284171863,5.666123654583882]}"
690_0,6.962051,"{""geodesic"":false,""type"":""Point"",""coordinates"":[-74.66572062780433,5.441544833554001]}"
691_0,10.462078,"{""geodesic"":false,""type"":""Point"",""coordinates"":[-74.1536809158562,4.772299946884958]}"
692_0,0.17519414,"{""geodesic"":false,""type"":""Point"",""coordinates"":[-74.29741136131533,3.788644710774082]}"
693_0,0.33019274,"{""geodesic"":false,""type"":""Point"",""coordinates"":[-74.53546491160701,4.309667575563404]}"
694_0,0.4294445,"{""geodesic"":false,""type"":""Point"",""coordinates"":[-74.22554613858577,5.055269261382607]}"
695_0,0.29989457,"{""geodesic"":false,""type"":""Point"",""coordinates"":[-73.77638849652601,5.172050248318145]}"
696_0,0.18079835,"{""geodesic"":false,""type"":""Point"",""coordinates"":[-73.32273927804565,4.426448562498942]}"
697_0,0.26543656,"{""geodesic"":false,""type"":""Point"",""coordinates"":[-74.88580787241361,4.9878956150736435]}"
698_0,0.15334354,"{""geodesic"":false,""type"":""Point"",""coordinates"":[-74.21656298574457,3.71677948804452]}"
699_0,0.1824406,"{""geodesic"":false,""type"":""Point"",""coordinates"":[-73.93808524766752,4.071614025271732]}"
700_0,0.21485895,"{""geodesic"":false,""type"":""Point"",""coordinates"":[-73.53384336981374,4.390515951134161]}"
701_0,0.6075537,"{""geodesic"":false,""type"":""Point"",""coordinates"":[-74.7106363920103,4.417465409657747]}"
702_0,0.22805773,"{""geodesic"":false,""type"":""Point"",""coordinates"":[-73.20146671468952,4.8531483224557155]}"
703_0,0.2048247,"{""geodesic"":false,""type"":""Point"",""coordinates"":[-73.18799198542771,4.8711146281381055]}"
704_0,0.29361683,"{""geodesic"":false,""type"":""Point"",""coordinates"":[-74.3602934312037,5.437053257133404]}"
705_0,0.18245238,"{""geodesic"":false,""type"":""Point"",""coordinates"":[-73.30926454878386,4.86213147529691]}"
706_0,0.31026003,"{""geodesic"":false,""type"":""Point"",""coordinates"":[-73.86172844851735,3.8335604749800583]}"
707_0,0.16151714,"{""geodesic"":false,""type"":""Point"",""coordinates"":[-73.039769963548,5.468494292077588]}"
708_0,0.19812414,"{""geodesic"":false,""type"":""Point"",""coordinates"":[-74.73758585053389,3.743728946568106]}"
709_0,0.7101137,"{""geodesic"":false,""type"":""Point"",""coordinates"":[-73.93359367124692,4.444414868181333]}"
710_0,0.20586911,"{""geodesic"":false,""type"":""Point"",""coordinates"":[-74.5219901823452,5.508918479862966]}"
711_0,3.4968586,"{""geodesic"":false,""type"":""Point"",""coordinates"":[-73.14756779764234,5.773921488678225]}"
712_0,0.5760242,"{""geodesic"":false,""type"":""Point"",""coordinates"":[-74.40970077183027,4.417465409657747]}"
713_0,1.7864879,"{""geodesic"":false,""type"":""Point"",""coordinates"":[-74.1851219508004,4.826198863932129]}"
714_0,2.1697478,"{""geodesic"":false,""type"":""Point"",""coordinates"":[-73.9830010118735,4.709417876996592]}"
715_0,0.22166842,"{""geodesic"":false,""type"":""Point"",""coordinates"":[-73.66409908601106,5.023828226438424]}"
716_0,0.20369835,"{""geodesic"":false,""type"":""Point"",""coordinates"":[-73.4035876536164,4.3950075275547595]}"
717_0,0.31992564,"{""geodesic"":false,""type"":""Point"",""coordinates"":[-73.06222784565098,4.547721125855078]}"
718_0,0.48135227,"{""geodesic"":false,""type"":""Point"",""coordinates"":[-73.7808800729466,3.8066110164564724]}"
719_0,0.22756962,"{""geodesic"":false,""type"":""Point"",""coordinates"":[-74.80945107326346,3.802119440035875]}"
720_0,1.1173415,"{""geodesic"":false,""type"":""Point"",""coordinates"":[-73.50689391129015,5.383154340086233]}"
721_0,0.3141153,"{""geodesic"":false,""type"":""Point"",""coordinates"":[-73.53384336981374,5.16306709547695]}"
722_0,0.5397592,"{""geodesic"":false,""type"":""Point"",""coordinates"":[-74.80046792042226,4.152462400842488]}"
723_0,4.4122486,"{""geodesic"":false,""type"":""Point"",""coordinates"":[-74.01444204681768,4.8711146281381055]}"
724_0,0.29449877,"{""geodesic"":false,""type"":""Point"",""coordinates"":[-73.29578981952206,4.242293929254441]}"
725_0,0.2843719,"{""geodesic"":false,""type"":""Point"",""coordinates"":[-73.43053711213999,5.347221728721452]}"
726_0,3.1817498,"{""geodesic"":false,""type"":""Point"",""coordinates"":[-74.19410510364158,4.673485265631811]}"
727_0,0.21008384,"{""geodesic"":false,""type"":""Point"",""coordinates"":[-74.03689992892066,5.329255423039061]}"
728_0,0.24785326,"{""geodesic"":false,""type"":""Point"",""coordinates"":[-74.7330942741133,4.848656746035117]}"
729_0,0.1841847,"{""geodesic"":false,""type"":""Point"",""coordinates"":[-74.64775432212194,4.9474714272882645]}"
730_0,0.17458682,"{""geodesic"":false,""type"":""Point"",""coordinates"":[-74.3602934312037,4.0671224488511335]}"
731_0,0.19624776,"{""geodesic"":false,""type"":""Point"",""coordinates"":[-74.31088609057711,3.9997488025421695]}"
732_0,0.18445177,"{""geodesic"":false,""type"":""Point"",""coordinates"":[-74.00545889397648,5.297814388094879]}"
733_0,0.19494627,"{""geodesic"":false,""type"":""Point"",""coordinates"":[-74.79597634400166,5.055269261382607]}"
734_0,0.20969032,"{""geodesic"":false,""type"":""Point"",""coordinates"":[-73.20146671468952,5.001370344335436]}"
735_0,0.17412984,"{""geodesic"":false,""type"":""Point"",""coordinates"":[-74.75555215621628,5.679598383845675]}"
736_0,0.18959402,"{""geodesic"":false,""type"":""Point"",""coordinates"":[-74.3602934312037,4.026698261065755]}"
737_0,0.2974043,"{""geodesic"":false,""type"":""Point"",""coordinates"":[-74.3513102783625,4.925013545185277]}"
738_0,0.19199204,"{""geodesic"":false,""type"":""Point"",""coordinates"":[-74.65224589854253,3.8335604749800583]}"
739_0,0.20804416,"{""geodesic"":false,""type"":""Point"",""coordinates"":[-74.82292580252525,3.7302542173063133]}"
740_0,0.2153985,"{""geodesic"":false,""type"":""Point"",""coordinates"":[-73.89766105988214,5.230440741785914]}"
741_0,0.195356,"{""geodesic"":false,""type"":""Point"",""coordinates"":[-73.2239245967925,4.646535807108225]}"
742_0,0.24295117,"{""geodesic"":false,""type"":""Point"",""coordinates"":[-74.77351846189868,4.489330632387309]}"
743_0,0.33651856,"{""geodesic"":false,""type"":""Point"",""coordinates"":[-74.80046792042226,4.040172990327548]}"
744_0,0.22560278,"{""geodesic"":false,""type"":""Point"",""coordinates"":[-73.07121099849218,5.046286108541413]}"
745_0,0.7628225,"{""geodesic"":false,""type"":""Point"",""coordinates"":[-74.02791677607946,5.037302955700217]}"
746_0,0.18269004,"{""geodesic"":false,""type"":""Point"",""coordinates"":[-74.86334999031062,5.612224737536711]}"
747_0,0.1955402,"{""geodesic"":false,""type"":""Point"",""coordinates"":[-74.47707441813924,5.477477444918782]}"
748_0,0.1785186,"{""geodesic"":false,""type"":""Point"",""coordinates"":[-73.50689391129015,4.516280090910895]}"
749_0,4.6963925,"{""geodesic"":false,""type"":""Point"",""coordinates"":[-73.33172243088684,5.531376361965954]}"
750_0,0.17616594,"{""geodesic"":false,""type"":""Point"",""coordinates"":[-73.14756779764234,5.095693449167986]}"
751_0,0.22987561,"{""geodesic"":false,""type"":""Point"",""coordinates"":[-74.67470378064553,4.570179007958066]}"
752_0,0.22769685,"{""geodesic"":false,""type"":""Point"",""coordinates"":[-74.81394264968405,4.6240779250052375]}"
753_0,0.18266195,"{""geodesic"":false,""type"":""Point"",""coordinates"":[-73.00832892860382,3.824577322138863]}"
754_0,0.31366333,"{""geodesic"":false,""type"":""Point"",""coordinates"":[-73.39909607719581,5.032811379279619]}"
755_0,0.23763688,"{""geodesic"":false,""type"":""Point"",""coordinates"":[-73.09816045701577,4.808232558249739]}"
756_0,0.25160074,"{""geodesic"":false,""type"":""Point"",""coordinates"":[-73.92011894198512,5.7334973008928465]}"
757_0,0.24484499,"{""geodesic"":false,""type"":""Point"",""coordinates"":[-73.2149414439513,4.633061077846432]}"
758_0,0.23116575,"{""geodesic"":false,""type"":""Point"",""coordinates"":[-74.88580787241361,4.46687275028432]}"
759_0,0.18596247,"{""geodesic"":false,""type"":""Point"",""coordinates"":[-73.61469174538449,4.3950075275547595]}"
760_0,0.25670904,"{""geodesic"":false,""type"":""Point"",""coordinates"":[-74.67919535706612,5.365188034403842]}"
761_0,0.54035586,"{""geodesic"":false,""type"":""Point"",""coordinates"":[-73.81232110789078,5.643665772480894]}"
762_0,0.1877854,"{""geodesic"":false,""type"":""Point"",""coordinates"":[-73.47994445276656,4.502805361649101]}"
763_0,0.19269101,"{""geodesic"":false,""type"":""Point"",""coordinates"":[-74.69716166274851,4.9295051216058745]}"
764_0,0.19259979,"{""geodesic"":false,""type"":""Point"",""coordinates"":[-74.27495347921234,5.787396217940017]}"
765_0,0.34180105,"{""geodesic"":false,""type"":""Point"",""coordinates"":[-73.38112977151341,4.341108610507588]}"
766_0,0.21456131,"{""geodesic"":false,""type"":""Point"",""coordinates"":[-74.31986924341831,5.2573902003095]}"
767_0,0.1873724,"{""geodesic"":false,""type"":""Point"",""coordinates"":[-74.3288523962595,5.549342667648344]}"
768_0,0.18921126,"{""geodesic"":false,""type"":""Point"",""coordinates"":[-73.29129824310147,5.127134484112169]}"
769_0,0.1946713,"{""geodesic"":false,""type"":""Point"",""coordinates"":[-73.17451725616593,4.996878767914839]}"
770_0,0.21038692,"{""geodesic"":false,""type"":""Point"",""coordinates"":[-74.70614481558971,4.610603195743444]}"
771_0,0.6726187,"{""geodesic"":false,""type"":""Point"",""coordinates"":[-73.48892760560776,4.004240378962767]}"
772_0,0.20193653,"{""geodesic"":false,""type"":""Point"",""coordinates"":[-73.12960149195995,5.311289117356671]}"
773_0,0.7518054,"{""geodesic"":false,""type"":""Point"",""coordinates"":[-74.7106363920103,4.3186507284046]}"
774_0,0.18993922,"{""geodesic"":false,""type"":""Point"",""coordinates"":[-74.14020618659441,5.612224737536711]}"
775_0,0.23177426,"{""geodesic"":false,""type"":""Point"",""coordinates"":[-74.7330942741133,3.815594169297668]}"
776_0,0.19342348,"{""geodesic"":false,""type"":""Point"",""coordinates"":[-73.46197814708417,4.462381173863723]}"
777_0,1.8459145,"{""geodesic"":false,""type"":""Point"",""coordinates"":[-73.9695262826117,4.907047239502886]}"
778_0,0.32066977,"{""geodesic"":false,""type"":""Point"",""coordinates"":[-74.46809126529804,5.100185025588583]}"
779_0,0.31782156,"{""geodesic"":false,""type"":""Point"",""coordinates"":[-74.43215865393326,5.109168178429779]}"
780_0,0.30971774,"{""geodesic"":false,""type"":""Point"",""coordinates"":[-73.11163518627755,5.032811379279619]}"
781_0,0.20045526,"{""geodesic"":false,""type"":""Point"",""coordinates"":[-74.30190293773593,3.8650015099242414]}"
782_0,0.17768607,"{""geodesic"":false,""type"":""Point"",""coordinates"":[-74.67021220422492,3.71677948804452]}"
783_0,0.53745675,"{""geodesic"":false,""type"":""Point"",""coordinates"":[-73.63265805106688,5.311289117356671]}"
784_0,1.8637395,"{""geodesic"":false,""type"":""Point"",""coordinates"":[-74.02342519965887,4.592636890061054]}"
785_0,0.3217422,"{""geodesic"":false,""type"":""Point"",""coordinates"":[-73.81681268431139,4.6420442306876275]}"
786_0,0.31191224,"{""geodesic"":false,""type"":""Point"",""coordinates"":[-74.74656900337509,4.417465409657747]}"
787_0,0.17245793,"{""geodesic"":false,""type"":""Point"",""coordinates"":[-73.44850341782238,4.9295051216058745]}"
788_0,0.18483146,"{""geodesic"":false,""type"":""Point"",""coordinates"":[-73.12061833911875,4.529754820172688]}"
789_0,0.54829663,"{""geodesic"":false,""type"":""Point"",""coordinates"":[-74.83640053178704,4.3545833397693805]}"
790_0,0.2013032,"{""geodesic"":false,""type"":""Point"",""coordinates"":[-73.408079230037,5.167558671897548]}"
791_0,0.18066858,"{""geodesic"":false,""type"":""Point"",""coordinates"":[-73.25985720815729,4.799249405408544]}"
792_0,2.3294015,"{""geodesic"":false,""type"":""Point"",""coordinates"":[-74.23003771500636,4.839673593193922]}"
793_0,0.20140207,"{""geodesic"":false,""type"":""Point"",""coordinates"":[-74.01444204681768,5.127134484112169]}"
794_0,0.32236478,"{""geodesic"":false,""type"":""Point"",""coordinates"":[-74.87233314315182,4.574670584378663]}"
795_0,66.59685,"{""geodesic"":false,""type"":""Point"",""coordinates"":[-74.20757983290338,4.610603195743444]}"
796_0,0.44031796,"{""geodesic"":false,""type"":""Point"",""coordinates"":[-73.88867790704094,4.754333641202567]}"
797_0,0.24341752,"{""geodesic"":false,""type"":""Point"",""coordinates"":[-73.408079230037,5.648157348901492]}"
798_0,0.20886132,"{""geodesic"":false,""type"":""Point"",""coordinates"":[-73.68206539169346,4.969929309391253]}"
799_0,0.9965901,"{""geodesic"":false,""type"":""Point"",""coordinates"":[-73.65960750959047,3.802119440035875]}"
800_0,0.2239391,"{""geodesic"":false,""type"":""Point"",""coordinates"":[-73.67308223885226,5.023828226438424]}"
801_0,0.19402976,"{""geodesic"":false,""type"":""Point"",""coordinates"":[-74.12223988091202,3.9997488025421695]}"
802_0,1.080117,"{""geodesic"":false,""type"":""Point"",""coordinates"":[-73.5967254397021,3.936866732653803]}"
803_0,0.2604011,"{""geodesic"":false,""type"":""Point"",""coordinates"":[-73.42155395929879,5.342730152300854]}"
804_0,0.24122988,"{""geodesic"":false,""type"":""Point"",""coordinates"":[-73.52486021697254,5.270864929571292]}"
805_0,0.18028641,"{""geodesic"":false,""type"":""Point"",""coordinates"":[-73.01731208144501,5.40561222218922]}"
806_0,0.18373749,"{""geodesic"":false,""type"":""Point"",""coordinates"":[-74.82741737894584,5.414595375030416]}"
807_0,0.23398948,"{""geodesic"":false,""type"":""Point"",""coordinates"":[-73.53833494623433,4.974420885811851]}"
808_0,0.22376533,"{""geodesic"":false,""type"":""Point"",""coordinates"":[-74.59834698149537,4.026698261065755]}"
809_0,0.32938033,"{""geodesic"":false,""type"":""Point"",""coordinates"":[-73.75842219084362,3.71677948804452]}"
810_0,0.26679385,"{""geodesic"":false,""type"":""Point"",""coordinates"":[-74.80046792042226,4.785774676146751]}"
811_0,0.18151224,"{""geodesic"":false,""type"":""Point"",""coordinates"":[-74.82741737894584,5.616716313957308]}"
812_0,0.1701716,"{""geodesic"":false,""type"":""Point"",""coordinates"":[-73.33172243088684,5.769429912257627]}"
813_0,0.26226842,"{""geodesic"":false,""type"":""Point"",""coordinates"":[-73.74045588516123,5.567308973330735]}"
814_0,0.18349092,"{""geodesic"":false,""type"":""Point"",""coordinates"":[-73.07570257491278,3.7033047587827275]}"
815_0,0.9363323,"{""geodesic"":false,""type"":""Point"",""coordinates"":[-74.43215865393326,4.920521968764679]}"
816_0,0.34570384,"{""geodesic"":false,""type"":""Point"",""coordinates"":[-74.63877116928074,4.323142304825198]}"
817_0,0.42346197,"{""geodesic"":false,""type"":""Point"",""coordinates"":[-73.49791075844895,3.8650015099242414]}"
818_0,0.17396173,"{""geodesic"":false,""type"":""Point"",""coordinates"":[-74.41419234825086,3.7033047587827275]}"
819_0,0.25569582,"{""geodesic"":false,""type"":""Point"",""coordinates"":[-73.77638849652601,4.520771667331492]}"
820_0,0.18326741,"{""geodesic"":false,""type"":""Point"",""coordinates"":[-73.52036864055194,4.916030392344082]}"
821_0,0.19198832,"{""geodesic"":false,""type"":""Point"",""coordinates"":[-73.15205937406294,4.9878956150736435]}"
822_0,0.6345487,"{""geodesic"":false,""type"":""Point"",""coordinates"":[-74.60283855791596,4.264751811357429]}"
823_0,0.20473558,"{""geodesic"":false,""type"":""Point"",""coordinates"":[-73.10714360985696,5.073235567064998]}"
824_0,0.2728904,"{""geodesic"":false,""type"":""Point"",""coordinates"":[-74.31986924341831,4.242293929254441]}"
825_0,0.65518355,"{""geodesic"":false,""type"":""Point"",""coordinates"":[-74.34232712552131,4.677976842052408]}"
826_0,3.3335,"{""geodesic"":false,""type"":""Point"",""coordinates"":[-74.61631328717776,4.197378165048464]}"
827_0,0.16337799,"{""geodesic"":false,""type"":""Point"",""coordinates"":[-73.43952026498118,4.668993689211213]}"
828_0,0.20576257,"{""geodesic"":false,""type"":""Point"",""coordinates"":[-73.10265203343637,4.314159151984002]}"
829_0,1.4305447,"{""geodesic"":false,""type"":""Point"",""coordinates"":[-73.77638849652601,5.2753565059918905]}"
830_0,0.1768297,"{""geodesic"":false,""type"":""Point"",""coordinates"":[-74.37825973688608,5.517901632704161]}"
831_0,0.16706446,"{""geodesic"":false,""type"":""Point"",""coordinates"":[-73.47994445276656,4.619586348584639]}"
832_0,0.20042044,"{""geodesic"":false,""type"":""Point"",""coordinates"":[-74.55792279370999,5.549342667648344]}"
833_0,0.82969004,"{""geodesic"":false,""type"":""Point"",""coordinates"":[-74.80046792042226,4.179411859366074]}"
834_0,0.34043083,"{""geodesic"":false,""type"":""Point"",""coordinates"":[-74.25249559710934,4.3950075275547595]}"
835_0,0.15905587,"{""geodesic"":false,""type"":""Point"",""coordinates"":[-74.56690594655119,3.7931362871946797]}"
836_0,0.2145933,"{""geodesic"":false,""type"":""Point"",""coordinates"":[-74.7420774269545,5.113659754850376]}"
837_0,0.25017977,"{""geodesic"":false,""type"":""Point"",""coordinates"":[-74.81843422610466,4.453398021022528]}"
838_0,0.48683104,"{""geodesic"":false,""type"":""Point"",""coordinates"":[-74.87682471957243,4.103055060215914]}"
839_0,6.4896755,"{""geodesic"":false,""type"":""Point"",""coordinates"":[-74.17164722153859,4.74984206478197]}"
840_0,0.22456877,"{""geodesic"":false,""type"":""Point"",""coordinates"":[-73.65960750959047,4.601620042902249]}"
841_0,0.18275732,"{""geodesic"":false,""type"":""Point"",""coordinates"":[-74.45910811245685,5.670615231004479]}"
842_0,0.7344678,"{""geodesic"":false,""type"":""Point"",""coordinates"":[-73.89316948346155,4.498313785228504]}"
843_0,0.19919331,"{""geodesic"":false,""type"":""Point"",""coordinates"":[-74.03240835250007,4.098563483795317]}"
844_0,0.62710357,"{""geodesic"":false,""type"":""Point"",""coordinates"":[-73.56079282833733,4.035681413906951]}"
845_0,0.56374305,"{""geodesic"":false,""type"":""Point"",""coordinates"":[-74.59385540507476,5.140609213373962]}"
846_0,0.18682456,"{""geodesic"":false,""type"":""Point"",""coordinates"":[-74.10427357522963,5.333746999459659]}"
847_0,0.48741505,"{""geodesic"":false,""type"":""Point"",""coordinates"":[-73.50689391129015,5.513410056283563]}"
848_0,0.73871905,"{""geodesic"":false,""type"":""Point"",""coordinates"":[-74.61182171075716,4.3186507284046]}"
849_0,1.6042721,"{""geodesic"":false,""type"":""Point"",""coordinates"":[-73.69554012095524,4.053647719589341]}"
850_0,0.45201048,"{""geodesic"":false,""type"":""Point"",""coordinates"":[-73.51138548771074,3.9907656497009745]}"
851_0,0.18818875,"{""geodesic"":false,""type"":""Point"",""coordinates"":[-73.52036864055194,4.435431715340138]}"
852_0,0.48007077,"{""geodesic"":false,""type"":""Point"",""coordinates"":[-74.51300702950401,4.246785505675038]}"
853_0,0.2998805,"{""geodesic"":false,""type"":""Point"",""coordinates"":[-74.62978801643955,5.571800549751332]}"
854_0,0.25089148,"{""geodesic"":false,""type"":""Point"",""coordinates"":[-73.43502868856059,4.314159151984002]}"
855_0,0.22048265,"{""geodesic"":false,""type"":""Point"",""coordinates"":[-73.49341918202836,4.408482256816552]}"
856_0,0.20702864,"{""geodesic"":false,""type"":""Point"",""coordinates"":[-73.08468572775398,4.22432762357205]}"
857_0,0.17401649,"{""geodesic"":false,""type"":""Point"",""coordinates"":[-74.02342519965887,4.0087319553833645]}"
858_0,0.21780159,"{""geodesic"":false,""type"":""Point"",""coordinates"":[-73.10714360985696,4.152462400842488]}"
859_0,1.5172764,"{""geodesic"":false,""type"":""Point"",""coordinates"":[-74.74656900337509,4.363566492610576]}"
860_0,0.2652284,"{""geodesic"":false,""type"":""Point"",""coordinates"":[-73.36316346583102,5.181033401159341]}"
861_0,0.23528513,"{""geodesic"":false,""type"":""Point"",""coordinates"":[-73.31375612520445,4.291701269881014]}"
862_0,0.26833174,"{""geodesic"":false,""type"":""Point"",""coordinates"":[-73.97850943545289,5.670615231004479]}"
863_0,0.36756438,"{""geodesic"":false,""type"":""Point"",""coordinates"":[-73.25087405531609,5.773921488678225]}"
864_0,0.26269555,"{""geodesic"":false,""type"":""Point"",""coordinates"":[-73.76740534368481,5.508918479862966]}"
865_0,0.61331886,"{""geodesic"":false,""type"":""Point"",""coordinates"":[-73.28680666668086,5.670615231004479]}"
866_0,0.23486406,"{""geodesic"":false,""type"":""Point"",""coordinates"":[-73.49341918202836,4.341108610507588]}"
867_0,0.1785424,"{""geodesic"":false,""type"":""Point"",""coordinates"":[-73.89316948346155,5.5223932091247585]}"
868_0,0.2269369,"{""geodesic"":false,""type"":""Point"",""coordinates"":[-73.06222784565098,5.037302955700217]}"
869_0,0.173348,"{""geodesic"":false,""type"":""Point"",""coordinates"":[-74.26147874995054,3.9323751562332054]}"
870_0,0.19577701,"{""geodesic"":false,""type"":""Point"",""coordinates"":[-74.25249559710934,3.981782496859779]}"
871_0,0.22946869,"{""geodesic"":false,""type"":""Point"",""coordinates"":[-74.67919535706612,4.74984206478197]}"
872_0,0.19042769,"{""geodesic"":false,""type"":""Point"",""coordinates"":[-73.34968873656923,4.597128466481651]}"
873_0,0.24780016,"{""geodesic"":false,""type"":""Point"",""coordinates"":[-73.52935179339313,4.763316794043763]}"
874_0,0.19860508,"{""geodesic"":false,""type"":""Point"",""coordinates"":[-74.69716166274851,4.951963003708863]}"
875_0,0.21085063,"{""geodesic"":false,""type"":""Point"",""coordinates"":[-74.69267008632792,4.907047239502886]}"
876_0,0.34743273,"{""geodesic"":false,""type"":""Point"",""coordinates"":[-73.48892760560776,5.585275279013125]}"
877_0,0.30632073,"{""geodesic"":false,""type"":""Point"",""coordinates"":[-73.32273927804565,4.013223531803963]}"
878_0,0.15705605,"{""geodesic"":false,""type"":""Point"",""coordinates"":[-74.08181569312664,3.7302542173063133]}"
879_0,0.17381921,"{""geodesic"":false,""type"":""Point"",""coordinates"":[-74.46359968887744,3.7033047587827275]}"
880_0,0.33529255,"{""geodesic"":false,""type"":""Point"",""coordinates"":[-73.80782953147019,5.657140501742687]}"
881_0,12.039417,"{""geodesic"":false,""type"":""Point"",""coordinates"":[-74.63427959286015,5.450527986395197]}"
882_0,0.5403507,"{""geodesic"":false,""type"":""Point"",""coordinates"":[-73.45299499424297,5.455019562815795]}"
883_0,0.18723798,"{""geodesic"":false,""type"":""Point"",""coordinates"":[-74.5489396408688,5.59425843185432]}"
884_0,2.0074732,"{""geodesic"":false,""type"":""Point"",""coordinates"":[-74.36927658404488,4.803740981829141]}"
885_0,0.17836876,"{""geodesic"":false,""type"":""Point"",""coordinates"":[-73.5967254397021,4.386024374713564]}"
886_0,0.1953156,"{""geodesic"":false,""type"":""Point"",""coordinates"":[-73.37663819509282,4.799249405408544]}"
887_0,0.287535,"{""geodesic"":false,""type"":""Point"",""coordinates"":[-73.65960750959047,4.269243387778026]}"
888_0,0.21220788,"{""geodesic"":false,""type"":""Point"",""coordinates"":[-73.6012170161227,5.140609213373962]}"
889_0,0.1833496,"{""geodesic"":false,""type"":""Point"",""coordinates"":[-74.3513102783625,4.1075466366365125]}"
890_0,1.7055615,"{""geodesic"":false,""type"":""Point"",""coordinates"":[-74.27495347921234,4.507296938069699]}"
891_0,0.6258423,"{""geodesic"":false,""type"":""Point"",""coordinates"":[-73.72248957947883,4.116529789477707]}"
892_0,2.9440877,"{""geodesic"":false,""type"":""Point"",""coordinates"":[-74.45910811245685,5.019336650017826]}"
893_0,0.18277614,"{""geodesic"":false,""type"":""Point"",""coordinates"":[-73.55630125191672,4.933996698026472]}"
894_0,0.21869107,"{""geodesic"":false,""type"":""Point"",""coordinates"":[-73.81232110789078,5.410103798609819]}"
895_0,0.21896309,"{""geodesic"":false,""type"":""Point"",""coordinates"":[-74.55343121728939,5.270864929571292]}"
896_0,0.30330342,"{""geodesic"":false,""type"":""Point"",""coordinates"":[-73.6057085925433,5.589766855433723]}"
897_0,0.2310381,"{""geodesic"":false,""type"":""Point"",""coordinates"":[-73.4170623828782,3.7033047587827275]}"
898_0,0.28105003,"{""geodesic"":false,""type"":""Point"",""coordinates"":[-73.91562736556453,4.291701269881014]}"
899_0,0.2492028,"{""geodesic"":false,""type"":""Point"",""coordinates"":[-73.7808800729466,5.693073113107467]}"
900_0,0.88898045,"{""geodesic"":false,""type"":""Point"",""coordinates"":[-74.33334397268011,4.8531483224557155]}"
901_0,0.32123214,"{""geodesic"":false,""type"":""Point"",""coordinates"":[-73.32273927804565,3.891950968447827]}"
902_0,0.21429934,"{""geodesic"":false,""type"":""Point"",""coordinates"":[-73.50689391129015,4.372549645451771]}"
903_0,0.2196011,"{""geodesic"":false,""type"":""Point"",""coordinates"":[-73.58325071044031,4.875606204558703]}"
904_0,0.17969783,"{""geodesic"":false,""type"":""Point"",""coordinates"":[-74.29741136131533,3.90542569770962]}"
905_0,0.26161355,"{""geodesic"":false,""type"":""Point"",""coordinates"":[-73.32723085446625,3.9323751562332054]}"
906_0,0.27569026,"{""geodesic"":false,""type"":""Point"",""coordinates"":[-74.19410510364158,5.14510078979456]}"
907_0,0.17716111,"{""geodesic"":false,""type"":""Point"",""coordinates"":[-74.22105456216516,3.9278835798126077]}"
908_0,0.18230426,"{""geodesic"":false,""type"":""Point"",""coordinates"":[-74.05935781102366,5.190016554000536]}"
909_0,0.36429998,"{""geodesic"":false,""type"":""Point"",""coordinates"":[-73.63714962748747,5.131626060532767]}"
910_0,0.24731447,"{""geodesic"":false,""type"":""Point"",""coordinates"":[-73.02629523428621,4.399499103975357]}"
911_0,0.18515638,"{""geodesic"":false,""type"":""Point"",""coordinates"":[-74.14020618659441,5.4640027156569895]}"
912_0,32.132652,"{""geodesic"":false,""type"":""Point"",""coordinates"":[-74.81394264968405,4.2961928463016115]}"
913_0,0.2060436,"{""geodesic"":false,""type"":""Point"",""coordinates"":[-73.44401184140179,4.403990680395954]}"
914_0,3.1559432,"{""geodesic"":false,""type"":""Point"",""coordinates"":[-74.7420774269545,5.342730152300854]}"
915_0,0.15665193,"{""geodesic"":false,""type"":""Point"",""coordinates"":[-74.04139150534127,3.748220522988704]}"
916_0,0.38301462,"{""geodesic"":false,""type"":""Point"",""coordinates"":[-73.54731809907553,3.788644710774082]}"
917_0,0.21715254,"{""geodesic"":false,""type"":""Point"",""coordinates"":[-74.7196195448515,4.812724134670336]}"
918_0,1.1158348,"{""geodesic"":false,""type"":""Point"",""coordinates"":[-73.31824770162505,5.589766855433723]}"
919_0,0.20372355,"{""geodesic"":false,""type"":""Point"",""coordinates"":[-73.06671942207159,3.8964425448684246]}"
920_0,0.22326201,"{""geodesic"":false,""type"":""Point"",""coordinates"":[-73.45299499424297,4.372549645451771]}"
921_0,0.19350186,"{""geodesic"":false,""type"":""Point"",""coordinates"":[-74.7420774269545,5.136117636953364]}"
922_0,0.2717641,"{""geodesic"":false,""type"":""Point"",""coordinates"":[-73.75842219084362,5.643665772480894]}"
923_0,0.3221973,"{""geodesic"":false,""type"":""Point"",""coordinates"":[-73.49791075844895,4.709417876996592]}"
924_0,0.18310069,"{""geodesic"":false,""type"":""Point"",""coordinates"":[-74.34232712552131,5.702056265948663]}"
925_0,0.94160163,"{""geodesic"":false,""type"":""Point"",""coordinates"":[-74.32436081983892,4.345600186928185]}"
926_0,0.3124994,"{""geodesic"":false,""type"":""Point"",""coordinates"":[-74.69267008632792,4.758825217623166]}"
927_0,0.2100306,"{""geodesic"":false,""type"":""Point"",""coordinates"":[-74.75555215621628,3.9009341212890223]}"
928_0,0.17523739,"{""geodesic"":false,""type"":""Point"",""coordinates"":[-73.09816045701577,4.969929309391253]}"
929_0,0.3416023,"{""geodesic"":false,""type"":""Point"",""coordinates"":[-73.10265203343637,5.684089960266273]}"
930_0,0.25728643,"{""geodesic"":false,""type"":""Point"",""coordinates"":[-74.62080486359835,3.972799344018584]}"
931_0,0.2026463,"{""geodesic"":false,""type"":""Point"",""coordinates"":[-74.12223988091202,5.585275279013125]}"
932_0,0.80614233,"{""geodesic"":false,""type"":""Point"",""coordinates"":[-74.22554613858577,5.252898623888902]}"
933_0,0.35083264,"{""geodesic"":false,""type"":""Point"",""coordinates"":[-74.38275131330668,5.131626060532767]}"
934_0,0.24946545,"{""geodesic"":false,""type"":""Point"",""coordinates"":[-74.51300702950401,5.118151331270974]}"
935_0,0.21940899,"{""geodesic"":false,""type"":""Point"",""coordinates"":[-73.62367489822569,4.84416516961452]}"
936_0,0.17154464,"{""geodesic"":false,""type"":""Point"",""coordinates"":[-73.63714962748747,5.755955182995835]}"
937_0,0.20925166,"{""geodesic"":false,""type"":""Point"",""coordinates"":[-74.42317550109206,4.071614025271732]}"
938_0,0.24382289,"{""geodesic"":false,""type"":""Point"",""coordinates"":[-73.29129824310147,4.974420885811851]}"
939_0,0.40174353,"{""geodesic"":false,""type"":""Point"",""coordinates"":[-73.87969475419975,4.606111619322847]}"
940_0,0.2808779,"{""geodesic"":false,""type"":""Point"",""coordinates"":[-73.6102001689639,5.553834244068942]}"
941_0,0.4598603,"{""geodesic"":false,""type"":""Point"",""coordinates"":[-73.5787591340197,3.7931362871946797]}"
942_0,2.719422,"{""geodesic"":false,""type"":""Point"",""coordinates"":[-73.5967254397021,5.4460364099745995]}"
943_0,0.923195,"{""geodesic"":false,""type"":""Point"",""coordinates"":[-74.29291978489474,4.314159151984002]}"
944_0,2.7692783,"{""geodesic"":false,""type"":""Point"",""coordinates"":[-74.7151279684309,4.242293929254441]}"
945_0,0.22845781,"{""geodesic"":false,""type"":""Point"",""coordinates"":[-73.9919841647147,4.273734964198623]}"
946_0,0.21188827,"{""geodesic"":false,""type"":""Point"",""coordinates"":[-74.04139150534127,5.652648925322089]}"
947_0,0.29935586,"{""geodesic"":false,""type"":""Point"",""coordinates"":[-73.83927056641437,4.46687275028432]}"
948_0,0.20704901,"{""geodesic"":false,""type"":""Point"",""coordinates"":[-73.2239245967925,4.3366170340869905]}"
949_0,0.59207255,"{""geodesic"":false,""type"":""Point"",""coordinates"":[-74.49953230024222,4.507296938069699]}"
950_0,0.24636559,"{""geodesic"":false,""type"":""Point"",""coordinates"":[-74.58487225223358,4.704926300575994]}"
951_0,0.15472995,"{""geodesic"":false,""type"":""Point"",""coordinates"":[-73.3946045007752,5.773921488678225]}"
952_0,0.24863188,"{""geodesic"":false,""type"":""Point"",""coordinates"":[-74.30190293773593,5.104676602009181]}"
953_0,0.17072102,"{""geodesic"":false,""type"":""Point"",""coordinates"":[-74.7241111212721,5.7514636065752365]}"
954_0,0.19589348,"{""geodesic"":false,""type"":""Point"",""coordinates"":[-74.76453530905748,4.889080933820496]}"
955_0,0.2091909,"{""geodesic"":false,""type"":""Point"",""coordinates"":[-73.01731208144501,4.803740981829141]}"
956_0,4.397571,"{""geodesic"":false,""type"":""Point"",""coordinates"":[-73.63265805106688,4.174920282945476]}"
957_0,0.23252864,"{""geodesic"":false,""type"":""Point"",""coordinates"":[-73.66859066243167,4.84416516961452]}"
958_0,1.0511785,"{""geodesic"":false,""type"":""Point"",""coordinates"":[-73.44401184140179,4.0671224488511335]}"
959_0,0.4332337,"{""geodesic"":false,""type"":""Point"",""coordinates"":[-74.5489396408688,4.713909453417189]}"
960_0,0.16264002,"{""geodesic"":false,""type"":""Point"",""coordinates"":[-74.3468187019419,5.639174196060297]}"
961_0,0.15936892,"{""geodesic"":false,""type"":""Point"",""coordinates"":[-74.22105456216516,5.48196902133938]}"
962_0,0.20076828,"{""geodesic"":false,""type"":""Point"",""coordinates"":[-73.83477898999378,5.419086951451014]}"
963_0,0.18891117,"{""geodesic"":false,""type"":""Point"",""coordinates"":[-74.77801003831927,5.702056265948663]}"
964_0,5.369763,"{""geodesic"":false,""type"":""Point"",""coordinates"":[-74.83190895536644,4.2961928463016115]}"
965_0,0.21197204,"{""geodesic"":false,""type"":""Point"",""coordinates"":[-74.25698717352995,5.526884785545357]}"
966_0,0.21152353,"{""geodesic"":false,""type"":""Point"",""coordinates"":[-73.55180967549613,5.149592366215157]}"
967_0,0.18613608,"{""geodesic"":false,""type"":""Point"",""coordinates"":[-73.07570257491278,5.3876459165068304]}"
968_0,1.4758991,"{""geodesic"":false,""type"":""Point"",""coordinates"":[-74.34232712552131,4.368058069031173]}"
969_0,0.18500821,"{""geodesic"":false,""type"":""Point"",""coordinates"":[-73.63265805106688,5.742480453734041]}"
970_0,0.4998123,"{""geodesic"":false,""type"":""Point"",""coordinates"":[-73.06671942207159,5.711039418789858]}"
971_0,0.43906665,"{""geodesic"":false,""type"":""Point"",""coordinates"":[-74.68368693348673,5.1585755190563525]}"
972_0,0.42271993,"{""geodesic"":false,""type"":""Point"",""coordinates"":[-74.8947910252548,5.324763846618464]}"
973_0,0.17797095,"{""geodesic"":false,""type"":""Point"",""coordinates"":[-73.0442615399686,5.5044269034423685]}"
974_0,1.439796,"{""geodesic"":false,""type"":""Point"",""coordinates"":[-74.47707441813924,4.556704278696273]}"
975_0,0.17550524,"{""geodesic"":false,""type"":""Point"",""coordinates"":[-74.1581724922768,4.089580330954122]}"
976_0,0.19567399,"{""geodesic"":false,""type"":""Point"",""coordinates"":[-73.63265805106688,4.453398021022528]}"
977_0,0.3499232,"{""geodesic"":false,""type"":""Point"",""coordinates"":[-74.8947910252548,4.983404038653045]}"
978_0,0.1937322,"{""geodesic"":false,""type"":""Point"",""coordinates"":[-74.76453530905748,4.893572510241094]}"
979_0,0.17632927,"{""geodesic"":false,""type"":""Point"",""coordinates"":[-74.31088609057711,5.787396217940017]}"
980_0,0.18476339,"{""geodesic"":false,""type"":""Point"",""coordinates"":[-73.19248356184832,5.109168178429779]}"
981_0,0.21467662,"{""geodesic"":false,""type"":""Point"",""coordinates"":[-73.0307868107068,4.471364326704919]}"
982_0,0.19749928,"{""geodesic"":false,""type"":""Point"",""coordinates"":[-73.3946045007752,4.9295051216058745]}"
983_0,0.20310247,"{""geodesic"":false,""type"":""Point"",""coordinates"":[-73.15205937406294,3.9233920033920104]}"
984_0,0.5418712,"{""geodesic"":false,""type"":""Point"",""coordinates"":[-74.3378355491007,4.457889597443126]}"
985_0,0.20888622,"{""geodesic"":false,""type"":""Point"",""coordinates"":[-73.9650347061911,5.697564689528066]}"
986_0,0.24908745,"{""geodesic"":false,""type"":""Point"",""coordinates"":[-73.39011292435461,3.8066110164564724]}"
987_0,0.66044897,"{""geodesic"":false,""type"":""Point"",""coordinates"":[-73.77638849652601,5.374171187245038]}"
988_0,1.0364833,"{""geodesic"":false,""type"":""Point"",""coordinates"":[-74.66122905138373,4.251277082095636]}"
989_0,0.24233325,"{""geodesic"":false,""type"":""Point"",""coordinates"":[-73.5787591340197,5.702056265948663]}"
990_0,0.2613577,"{""geodesic"":false,""type"":""Point"",""coordinates"":[-74.61182171075716,4.058139296009939]}"
991_0,0.19224805,"{""geodesic"":false,""type"":""Point"",""coordinates"":[-73.25087405531609,4.511788514490297]}"
992_0,0.26562884,"{""geodesic"":false,""type"":""Point"",""coordinates"":[-74.89029944883421,4.686959994893604]}"
993_0,0.54807687,"{""geodesic"":false,""type"":""Point"",""coordinates"":[-73.25985720815729,5.571800549751332]}"
994_0,0.21440564,"{""geodesic"":false,""type"":""Point"",""coordinates"":[-74.01893362323828,5.643665772480894]}"
995_0,0.15510316,"{""geodesic"":false,""type"":""Point"",""coordinates"":[-74.88131629599302,5.773921488678225]}"
996_0,0.16985476,"{""geodesic"":false,""type"":""Point"",""coordinates"":[-73.83028741357317,5.769429912257627]}"
997_0,1.4565526,"{""geodesic"":false,""type"":""Point"",""coordinates"":[-74.3288523962595,4.839673593193922]}"
998_0,0.1819873,"{""geodesic"":false,""type"":""Point"",""coordinates"":[-74.76004373263689,5.603241584695516]}"
999_0,0.22928387,"{""geodesic"":false,""type"":""Point"",""coordinates"":[-74.55343121728939,5.167558671897548]}"
1000_0,0.20634258,"{""geodesic"":false,""type"":""Point"",""coordinates"":[-74.75106057979569,5.392137492927428]}"
1001_0,0.16287827,"{""geodesic"":false,""type"":""Point"",""coordinates"":[-74.33334397268011,3.775169981512289]}"
1002_0,0.52046454,"{""geodesic"":false,""type"":""Point"",""coordinates"":[-73.97850943545289,4.471364326704919]}"
1003_0,0.2022931,"{""geodesic"":false,""type"":""Point"",""coordinates"":[-74.81394264968405,5.455019562815795]}"
1004_0,0.18975423,"{""geodesic"":false,""type"":""Point"",""coordinates"":[-73.2239245967925,4.601620042902249]}"
1005_0,0.22064175,"{""geodesic"":false,""type"":""Point"",""coordinates"":[-74.7420774269545,3.9997488025421695]}"
1006_0,0.21144654,"{""geodesic"":false,""type"":""Point"",""coordinates"":[-73.65062435674928,4.498313785228504]}"
1007_0,0.20508018,"{""geodesic"":false,""type"":""Point"",""coordinates"":[-73.56079282833733,5.7918877943606155]}"
1008_0,0.19134586,"{""geodesic"":false,""type"":""Point"",""coordinates"":[-73.46197814708417,4.763316794043763]}"
1009_0,0.31448582,"{""geodesic"":false,""type"":""Point"",""coordinates"":[-74.27944505563293,4.350091763348783]}"
1010_0,0.27555618,"{""geodesic"":false,""type"":""Point"",""coordinates"":[-73.7718969201054,5.16306709547695]}"
1011_0,0.21352722,"{""geodesic"":false,""type"":""Point"",""coordinates"":[-73.69554012095524,5.544851091227747]}"
1012_0,0.22583163,"{""geodesic"":false,""type"":""Point"",""coordinates"":[-74.42766707751265,5.16306709547695]}"
1013_0,0.11183942,"{""geodesic"":false,""type"":""Point"",""coordinates"":[-74.04588308176186,3.6988131823621297]}"
1014_0,0.611941,"{""geodesic"":false,""type"":""Point"",""coordinates"":[-74.51300702950401,4.520771667331492]}"
1015_0,0.29471257,"{""geodesic"":false,""type"":""Point"",""coordinates"":[-74.23902086784756,5.073235567064998]}"
1016_0,0.23926719,"{""geodesic"":false,""type"":""Point"",""coordinates"":[-73.23739932605429,5.7918877943606155]}"
1017_0,0.25629228,"{""geodesic"":false,""type"":""Point"",""coordinates"":[-73.31375612520445,3.712287911623923]}"
1018_0,0.6158988,"{""geodesic"":false,""type"":""Point"",""coordinates"":[-74.5309733351864,4.026698261065755]}"
1019_0,0.18606865,"{""geodesic"":false,""type"":""Point"",""coordinates"":[-74.7241111212721,5.127134484112169]}"
1020_0,0.26774928,"{""geodesic"":false,""type"":""Point"",""coordinates"":[-74.61631328717776,5.715530995210456]}"
1021_0,0.196501,"{""geodesic"":false,""type"":""Point"",""coordinates"":[-74.84987526104884,5.531376361965954]}"
1022_0,0.35479024,"{""geodesic"":false,""type"":""Point"",""coordinates"":[-73.43952026498118,4.156953977263086]}"
1023_0,0.7057499,"{""geodesic"":false,""type"":""Point"",""coordinates"":[-74.68368693348673,4.246785505675038]}"
1024_0,0.35866183,"{""geodesic"":false,""type"":""Point"",""coordinates"":[-73.44850341782238,4.179411859366074]}"
1025_0,0.18105583,"{""geodesic"":false,""type"":""Point"",""coordinates"":[-73.62367489822569,4.534246396593285]}"
1026_0,0.19975598,"{""geodesic"":false,""type"":""Point"",""coordinates"":[-73.30028139594266,4.457889597443126]}"
1027_0,0.4106696,"{""geodesic"":false,""type"":""Point"",""coordinates"":[-73.85274529567616,3.914408850550815]}"
1028_0,0.9336983,"{""geodesic"":false,""type"":""Point"",""coordinates"":[-73.6012170161227,4.031189837486353]}"
1029_0,0.80168384,"{""geodesic"":false,""type"":""Point"",""coordinates"":[-73.75842219084362,5.284339658833085]}"
1030_0,0.19749562,"{""geodesic"":false,""type"":""Point"",""coordinates"":[-74.21656298574457,5.315780693777269]}"
1031_0,0.2034669,"{""geodesic"":false,""type"":""Point"",""coordinates"":[-73.50240233486956,4.408482256816552]}"
1032_0,0.17491345,"{""geodesic"":false,""type"":""Point"",""coordinates"":[-74.00545889397648,5.2349323182065115]}"
1033_0,13.442869,"{""geodesic"":false,""type"":""Point"",""coordinates"":[-74.144697763015,4.866623051717508]}"
1034_0,0.19200584,"{""geodesic"":false,""type"":""Point"",""coordinates"":[-74.63427959286015,4.93848827444707]}"
1035_0,0.4786058,"{""geodesic"":false,""type"":""Point"",""coordinates"":[-73.50240233486956,5.356204881562647]}"
1036_0,0.32749167,"{""geodesic"":false,""type"":""Point"",""coordinates"":[-74.39173446614788,4.228819199992648]}"
1037_0,0.8787975,"{""geodesic"":false,""type"":""Point"",""coordinates"":[-73.32273927804565,5.607733161116113]}"
1038_0,0.24600981,"{""geodesic"":false,""type"":""Point"",""coordinates"":[-74.144697763015,4.30068442272221]}"
1039_0,0.7985301,"{""geodesic"":false,""type"":""Point"",""coordinates"":[-73.49791075844895,5.634682619639698]}"
1040_0,0.27666694,"{""geodesic"":false,""type"":""Point"",""coordinates"":[-73.13409306838055,5.16306709547695]}"
1041_0,0.55872357,"{""geodesic"":false,""type"":""Point"",""coordinates"":[-73.43502868856059,3.950341461915596]}"
1042_0,0.13990085,"{""geodesic"":false,""type"":""Point"",""coordinates"":[-74.01444204681768,3.9638161911773886]}"
1043_0,0.19829617,"{""geodesic"":false,""type"":""Point"",""coordinates"":[-74.00096731755589,4.09407190737472]}"
1044_0,0.25659806,"{""geodesic"":false,""type"":""Point"",""coordinates"":[-73.76740534368481,4.552212702275676]}"
1045_0,0.2695981,"{""geodesic"":false,""type"":""Point"",""coordinates"":[-73.53384336981374,4.758825217623166]}"
1046_0,0.20959419,"{""geodesic"":false,""type"":""Point"",""coordinates"":[-73.62816647464628,4.920521968764679]}"
1047_0,0.19616145,"{""geodesic"":false,""type"":""Point"",""coordinates"":[-74.43215865393326,5.468494292077588]}"
1048_0,0.19139051,"{""geodesic"":false,""type"":""Point"",""coordinates"":[-73.12510991553935,3.7931362871946797]}"
1049_0,0.30241287,"{""geodesic"":false,""type"":""Point"",""coordinates"":[-73.5877422868609,4.341108610507588]}"
1050_0,0.33042762,"{""geodesic"":false,""type"":""Point"",""coordinates"":[-73.72248957947883,4.22432762357205]}"
1051_0,0.21603644,"{""geodesic"":false,""type"":""Point"",""coordinates"":[-74.23902086784756,4.237802352833842]}"
1052_0,0.34203342,"{""geodesic"":false,""type"":""Point"",""coordinates"":[-73.24189090247489,5.616716313957308]}"
1053_0,0.187688,"{""geodesic"":false,""type"":""Point"",""coordinates"":[-74.48156599455983,5.4640027156569895]}"
1054_0,0.9908217,"{""geodesic"":false,""type"":""Point"",""coordinates"":[-73.30028139594266,5.513410056283563]}"
1055_0,0.17090279,"{""geodesic"":false,""type"":""Point"",""coordinates"":[-74.21207140932397,3.9189004269714127]}"
1056_0,0.27472648,"{""geodesic"":false,""type"":""Point"",""coordinates"":[-73.73147273232003,5.010353497176632]}"
1057_0,0.5042777,"{""geodesic"":false,""type"":""Point"",""coordinates"":[-73.61918332180508,5.288831235253683]}"
1058_0,0.28108376,"{""geodesic"":false,""type"":""Point"",""coordinates"":[-73.55180967549613,5.549342667648344]}"
1059_0,0.34730712,"{""geodesic"":false,""type"":""Point"",""coordinates"":[-73.74943903800242,3.7392373701475083]}"
1060_0,1.679193,"{""geodesic"":false,""type"":""Point"",""coordinates"":[-73.19248356184832,5.755955182995835]}"
1061_0,0.24280573,"{""geodesic"":false,""type"":""Point"",""coordinates"":[-73.70452327379644,4.359074916189979]}"
1062_0,0.1738873,"{""geodesic"":false,""type"":""Point"",""coordinates"":[-73.54731809907553,4.601620042902249]}"
1063_0,0.18487914,"{""geodesic"":false,""type"":""Point"",""coordinates"":[-73.95605155334991,5.769429912257627]}"
1064_0,0.18385796,"{""geodesic"":false,""type"":""Point"",""coordinates"":[-74.12223988091202,4.0087319553833645]}"
1065_0,0.4277024,"{""geodesic"":false,""type"":""Point"",""coordinates"":[-73.80333795504959,4.0671224488511335]}"
1066_0,0.3132853,"{""geodesic"":false,""type"":""Point"",""coordinates"":[-73.43502868856059,4.188395012207269]}"
1067_0,0.18571782,"{""geodesic"":false,""type"":""Point"",""coordinates"":[-74.86784156673123,5.715530995210456]}"
1068_0,0.5456117,"{""geodesic"":false,""type"":""Point"",""coordinates"":[-73.74494746158182,5.342730152300854]}"
1069_0,0.5470353,"{""geodesic"":false,""type"":""Point"",""coordinates"":[-73.53384336981374,3.8964425448684246]}"
1070_0,2.431275,"{""geodesic"":false,""type"":""Point"",""coordinates"":[-74.36927658404488,4.830690440352727]}"
1071_0,0.3519588,"{""geodesic"":false,""type"":""Point"",""coordinates"":[-73.07570257491278,4.11203821305711]}"
1072_0,0.3555053,"{""geodesic"":false,""type"":""Point"",""coordinates"":[-73.33172243088684,5.684089960266273]}"
1073_0,0.45929122,"{""geodesic"":false,""type"":""Point"",""coordinates"":[-73.83477898999378,5.5807837025925275]}"
1074_0,0.21894778,"{""geodesic"":false,""type"":""Point"",""coordinates"":[-73.74494746158182,4.776791523305556]}"
1075_0,0.52394974,"{""geodesic"":false,""type"":""Point"",""coordinates"":[-73.33172243088684,5.472985868498185]}"
1076_0,0.2912826,"{""geodesic"":false,""type"":""Point"",""coordinates"":[-73.80333795504959,4.682468418473006]}"
1077_0,0.27180684,"{""geodesic"":false,""type"":""Point"",""coordinates"":[-73.89766105988214,5.302305964515476]}"
1078_0,0.20042044,"{""geodesic"":false,""type"":""Point"",""coordinates"":[-74.55792279370999,5.549342667648344]}"
1079_0,0.30501264,"{""geodesic"":false,""type"":""Point"",""coordinates"":[-74.64326274570135,4.1075466366365125]}"
1080_0,0.18233497,"{""geodesic"":false,""type"":""Point"",""coordinates"":[-73.37663819509282,4.73187575909958]}"
1081_0,1.5570657,"{""geodesic"":false,""type"":""Point"",""coordinates"":[-73.34519716014863,5.410103798609819]}"
1082_0,0.22364298,"{""geodesic"":false,""type"":""Point"",""coordinates"":[-73.31824770162505,3.7841531343534847]}"
1083_0,0.34377006,"{""geodesic"":false,""type"":""Point"",""coordinates"":[-74.73758585053389,5.1765418247387425]}"
1084_0,0.22703463,"{""geodesic"":false,""type"":""Point"",""coordinates"":[-74.59834698149537,5.558325820489539]}"
1085_0,0.42085227,"{""geodesic"":false,""type"":""Point"",""coordinates"":[-73.73596430874062,3.707796335203325]}"
1086_0,0.16919674,"{""geodesic"":false,""type"":""Point"",""coordinates"":[-74.56241437013058,3.7661868286710942]}"
1087_0,0.1849825,"{""geodesic"":false,""type"":""Point"",""coordinates"":[-73.56528440475792,4.615094772164042]}"
1088_0,0.19319752,"{""geodesic"":false,""type"":""Point"",""coordinates"":[-74.27495347921234,5.535867938386551]}"
1089_0,0.208975,"{""geodesic"":false,""type"":""Point"",""coordinates"":[-73.54282652265493,5.14510078979456]}"
1090_0,0.7463244,"{""geodesic"":false,""type"":""Point"",""coordinates"":[-74.14020618659441,4.403990680395954]}"
1091_0,0.21198711,"{""geodesic"":false,""type"":""Point"",""coordinates"":[-73.81681268431139,5.414595375030416]}"
1092_0,0.62362653,"{""geodesic"":false,""type"":""Point"",""coordinates"":[-73.91113578914393,5.091201872747388]}"
1093_0,0.21008219,"{""geodesic"":false,""type"":""Point"",""coordinates"":[-74.79597634400166,5.549342667648344]}"
1094_0,0.24881218,"{""geodesic"":false,""type"":""Point"",""coordinates"":[-73.87520317777916,4.282718117039819]}"
1095_0,0.18925734,"{""geodesic"":false,""type"":""Point"",""coordinates"":[-74.22105456216516,4.147970824421891]}"
1096_0,0.30525714,"{""geodesic"":false,""type"":""Point"",""coordinates"":[-73.30028139594266,4.11203821305711]}"
1097_0,0.2486124,"{""geodesic"":false,""type"":""Point"",""coordinates"":[-73.72698115589944,5.639174196060297]}"
1098_0,0.23401266,"{""geodesic"":false,""type"":""Point"",""coordinates"":[-74.00995047039709,5.338238575880257]}"
1099_0,27.214058,"{""geodesic"":false,""type"":""Point"",""coordinates"":[-74.01893362323828,4.745350488361373]}"
1100_0,0.23580751,"{""geodesic"":false,""type"":""Point"",""coordinates"":[-74.51300702950401,5.261881776730098]}"
1101_0,0.17480205,"{""geodesic"":false,""type"":""Point"",""coordinates"":[-74.76453530905748,5.666123654583882]}"
1102_0,0.56395274,"{""geodesic"":false,""type"":""Point"",""coordinates"":[-73.82579583715258,5.266373353150695]}"
1103_0,0.48486903,"{""geodesic"":false,""type"":""Point"",""coordinates"":[-74.44563338319504,4.377041221872369]}"
1104_0,0.17894287,"{""geodesic"":false,""type"":""Point"",""coordinates"":[-73.70901485021705,4.309667575563404]}"
1105_0,0.18070544,"{""geodesic"":false,""type"":""Point"",""coordinates"":[-73.47096129992536,4.529754820172688]}"
1106_0,0.37371114,"{""geodesic"":false,""type"":""Point"",""coordinates"":[-74.51749860592462,4.76780837046436]}"
1107_0,1.0946044,"{""geodesic"":false,""type"":""Point"",""coordinates"":[-74.46359968887744,4.54322954943448]}"
1108_0,0.19637555,"{""geodesic"":false,""type"":""Point"",""coordinates"":[-73.30477297236325,4.889080933820496]}"
1109_0,0.20193066,"{""geodesic"":false,""type"":""Point"",""coordinates"":[-73.4035876536164,5.252898623888902]}"
1110_0,0.17961968,"{""geodesic"":false,""type"":""Point"",""coordinates"":[-74.3378355491007,3.8605099335036437]}"
1111_0,0.33400047,"{""geodesic"":false,""type"":""Point"",""coordinates"":[-73.68206539169346,5.2169660125241215]}"
1112_0,0.29643,"{""geodesic"":false,""type"":""Point"",""coordinates"":[-73.83028741357317,4.30068442272221]}"
1113_0,0.2142765,"{""geodesic"":false,""type"":""Point"",""coordinates"":[-74.84987526104884,5.095693449167986]}"
1114_0,1.085854,"{""geodesic"":false,""type"":""Point"",""coordinates"":[-73.71799800305824,5.095693449167986]}"
1115_0,0.23891959,"{""geodesic"":false,""type"":""Point"",""coordinates"":[-74.30639451415652,5.109168178429779]}"
1116_0,0.39617962,"{""geodesic"":false,""type"":""Point"",""coordinates"":[-74.37376816046549,5.122642907691572]}"
1117_0,0.583104,"{""geodesic"":false,""type"":""Point"",""coordinates"":[-73.67757381527285,3.788644710774082]}"
1118_0,0.19125599,"{""geodesic"":false,""type"":""Point"",""coordinates"":[-73.53833494623433,4.785774676146751]}"
1119_0,0.20979163,"{""geodesic"":false,""type"":""Point"",""coordinates"":[-73.43053711213999,5.284339658833085]}"
1120_0,0.20141459,"{""geodesic"":false,""type"":""Point"",""coordinates"":[-74.19859668006218,5.329255423039061]}"
1121_0,1.4412374,"{""geodesic"":false,""type"":""Point"",""coordinates"":[-73.94257682408812,4.713909453417189]}"
1122_0,0.24460982,"{""geodesic"":false,""type"":""Point"",""coordinates"":[-74.86784156673123,5.0058619207560335]}"
1123_0,0.5670507,"{""geodesic"":false,""type"":""Point"",""coordinates"":[-73.52486021697254,3.8650015099242414]}"
1124_0,0.2835483,"{""geodesic"":false,""type"":""Point"",""coordinates"":[-74.26597032637115,4.264751811357429]}"
1125_0,0.39779827,"{""geodesic"":false,""type"":""Point"",""coordinates"":[-73.44401184140179,5.5807837025925275]}"
1126_0,0.24388191,"{""geodesic"":false,""type"":""Point"",""coordinates"":[-74.57588909939238,5.5223932091247585]}"
1127_0,0.21497907,"{""geodesic"":false,""type"":""Point"",""coordinates"":[-74.74656900337509,4.826198863932129]}"
1128_0,0.55045414,"{""geodesic"":false,""type"":""Point"",""coordinates"":[-73.55630125191672,5.48196902133938]}"
1129_0,0.18414138,"{""geodesic"":false,""type"":""Point"",""coordinates"":[-73.14307622122175,4.893572510241094]}"
1130_0,3.8870635,"{""geodesic"":false,""type"":""Point"",""coordinates"":[-74.12673145733262,4.880097780979301]}"
1131_0,0.7614576,"{""geodesic"":false,""type"":""Point"",""coordinates"":[-73.51587706413135,4.040172990327548]}"
1132_0,0.34847715,"{""geodesic"":false,""type"":""Point"",""coordinates"":[-73.5787591340197,3.7616952522504965]}"
1133_0,0.281384,"{""geodesic"":false,""type"":""Point"",""coordinates"":[-73.10265203343637,5.198999706841731]}"
1134_0,3.814554,"{""geodesic"":false,""type"":""Point"",""coordinates"":[-74.08181569312664,4.826198863932129]}"
1135_0,0.30318102,"{""geodesic"":false,""type"":""Point"",""coordinates"":[-74.26597032637115,5.338238575880257]}"
1136_0,0.1705334,"{""geodesic"":false,""type"":""Point"",""coordinates"":[-74.1761387979592,3.8605099335036437]}"
1137_0,0.16408397,"{""geodesic"":false,""type"":""Point"",""coordinates"":[-74.76004373263689,5.5807837025925275]}"
1138_0,0.20330527,"{""geodesic"":false,""type"":""Point"",""coordinates"":[-73.0307868107068,4.511788514490297]}"
1139_0,0.2511453,"{""geodesic"":false,""type"":""Point"",""coordinates"":[-73.48443602918717,5.697564689528066]}"
1140_0,0.33062556,"{""geodesic"":false,""type"":""Point"",""coordinates"":[-73.84376214283498,4.529754820172688]}"
1141_0,0.1841634,"{""geodesic"":false,""type"":""Point"",""coordinates"":[-73.2194330203719,4.673485265631811]}"
1142_0,1.5030587,"{""geodesic"":false,""type"":""Point"",""coordinates"":[-73.9650347061911,5.086710296326791]}"
1143_0,0.33998632,"{""geodesic"":false,""type"":""Point"",""coordinates"":[-73.81232110789078,5.486460597759978]}"
1144_0,0.21265075,"{""geodesic"":false,""type"":""Point"",""coordinates"":[-73.15205937406294,4.502805361649101]}"
1145_0,0.22208689,"{""geodesic"":false,""type"":""Point"",""coordinates"":[-74.75106057979569,4.740858911940775]}"
1146_0,0.15572205,"{""geodesic"":false,""type"":""Point"",""coordinates"":[-73.29578981952206,5.78290464151942]}"
1147_0,0.19671926,"{""geodesic"":false,""type"":""Point"",""coordinates"":[-74.7151279684309,5.091201872747388]}"
1148_0,0.16890305,"{""geodesic"":false,""type"":""Point"",""coordinates"":[-73.67308223885226,5.693073113107467]}"
1149_0,0.19413719,"{""geodesic"":false,""type"":""Point"",""coordinates"":[-74.56690594655119,5.5807837025925275]}"
1150_0,0.25867146,"{""geodesic"":false,""type"":""Point"",""coordinates"":[-74.70165323916912,4.462381173863723]}"
1151_0,0.2289136,"{""geodesic"":false,""type"":""Point"",""coordinates"":[-74.58936382865417,4.830690440352727]}"
1152_0,0.19203047,"{""geodesic"":false,""type"":""Point"",""coordinates"":[-73.11163518627755,3.775169981512289]}"
1153_0,0.17475615,"{""geodesic"":false,""type"":""Point"",""coordinates"":[-73.31824770162505,4.615094772164042]}"
1154_0,0.42846036,"{""geodesic"":false,""type"":""Point"",""coordinates"":[-73.50240233486956,3.8515267806624487]}"
1155_0,0.28047684,"{""geodesic"":false,""type"":""Point"",""coordinates"":[-74.69716166274851,5.333746999459659]}"
1156_0,1.3114954,"{""geodesic"":false,""type"":""Point"",""coordinates"":[-74.32436081983892,4.835182016773325]}"
1157_0,0.18606217,"{""geodesic"":false,""type"":""Point"",""coordinates"":[-74.34232712552131,3.8560183570830464]}"
1158_0,0.21363993,"{""geodesic"":false,""type"":""Point"",""coordinates"":[-74.3558018547831,5.374171187245038]}"
1159_0,1.5811888,"{""geodesic"":false,""type"":""Point"",""coordinates"":[-73.55180967549613,4.170428706524879]}"
1160_0,0.25649747,"{""geodesic"":false,""type"":""Point"",""coordinates"":[-74.77801003831927,4.574670584378663]}"
1161_0,0.3346834,"{""geodesic"":false,""type"":""Point"",""coordinates"":[-73.84376214283498,4.803740981829141]}"
1162_0,0.19205663,"{""geodesic"":false,""type"":""Point"",""coordinates"":[-73.53833494623433,4.668993689211213]}"
1163_0,0.30578074,"{""geodesic"":false,""type"":""Point"",""coordinates"":[-74.10427357522963,4.381532798292966]}"
1164_0,11.580523,"{""geodesic"":false,""type"":""Point"",""coordinates"":[-74.04139150534127,4.817215711090935]}"
1165_0,0.20303518,"{""geodesic"":false,""type"":""Point"",""coordinates"":[-73.11612676269816,5.2933228116742805]}"
1166_0,4.55795,"{""geodesic"":false,""type"":""Point"",""coordinates"":[-73.81681268431139,5.630191043219101]}"
1167_0,0.4607122,"{""geodesic"":false,""type"":""Point"",""coordinates"":[-73.65062435674928,4.22432762357205]}"
1168_0,0.22306605,"{""geodesic"":false,""type"":""Point"",""coordinates"":[-73.73596430874062,4.345600186928185]}"
1169_0,0.33761156,"{""geodesic"":false,""type"":""Point"",""coordinates"":[-73.75393061442301,3.721271064465118]}"
1170_0,0.27506822,"{""geodesic"":false,""type"":""Point"",""coordinates"":[-74.7106363920103,4.439923291760735]}"
1171_0,0.2202001,"{""geodesic"":false,""type"":""Point"",""coordinates"":[-74.19859668006218,4.242293929254441]}"
1172_0,0.20307654,"{""geodesic"":false,""type"":""Point"",""coordinates"":[-73.26884036099848,4.740858911940775]}"
1173_0,1.6214874,"{""geodesic"":false,""type"":""Point"",""coordinates"":[-74.00545889397648,4.7947578289879464]}"
1174_0,0.24645144,"{""geodesic"":false,""type"":""Point"",""coordinates"":[-73.73147273232003,5.724514148051651]}"
1175_0,0.1969252,"{""geodesic"":false,""type"":""Point"",""coordinates"":[-73.08019415133337,3.707796335203325]}"
1176_0,0.27172056,"{""geodesic"":false,""type"":""Point"",""coordinates"":[-73.77638849652601,4.615094772164042]}"
1177_0,0.23465244,"{""geodesic"":false,""type"":""Point"",""coordinates"":[-73.17900883258652,3.712287911623923]}"
1178_0,0.25856304,"{""geodesic"":false,""type"":""Point"",""coordinates"":[-74.86784156673123,3.779661557932887]}"
1179_0,0.2774411,"{""geodesic"":false,""type"":""Point"",""coordinates"":[-74.85436683746943,5.154083942635755]}"
1180_0,0.2844277,"{""geodesic"":false,""type"":""Point"",""coordinates"":[-73.83028741357317,4.668993689211213]}"
1181_0,0.2174784,"{""geodesic"":false,""type"":""Point"",""coordinates"":[-73.0307868107068,4.475855903125516]}"
1182_0,0.75754523,"{""geodesic"":false,""type"":""Point"",""coordinates"":[-74.78250161473987,4.233310776413245]}"
1183_0,0.84495723,"{""geodesic"":false,""type"":""Point"",""coordinates"":[-74.13122303375322,4.960946156550058]}"
1184_0,0.7367455,"{""geodesic"":false,""type"":""Point"",""coordinates"":[-74.34232712552131,5.468494292077588]}"
1185_0,2.0777042,"{""geodesic"":false,""type"":""Point"",""coordinates"":[-73.5922338632815,3.869493086344839]}"
1186_0,0.40500137,"{""geodesic"":false,""type"":""Point"",""coordinates"":[-74.7330942741133,4.63755265426703]}"
1187_0,0.19636707,"{""geodesic"":false,""type"":""Point"",""coordinates"":[-73.90215263630274,5.396629069348026]}"
1188_0,0.52164304,"{""geodesic"":false,""type"":""Point"",""coordinates"":[-73.56079282833733,3.9862740732803768]}"
1189_0,0.5535601,"{""geodesic"":false,""type"":""Point"",""coordinates"":[-73.0307868107068,4.848656746035117]}"
1190_0,0.20675114,"{""geodesic"":false,""type"":""Point"",""coordinates"":[-74.77351846189868,5.270864929571292]}"
1191_0,0.2885884,"{""geodesic"":false,""type"":""Point"",""coordinates"":[-73.83927056641437,4.453398021022528]}"
1192_0,0.20441422,"{""geodesic"":false,""type"":""Point"",""coordinates"":[-73.64613278032867,4.992387191494241]}"
1193_0,0.4513655,"{""geodesic"":false,""type"":""Point"",""coordinates"":[-74.76004373263689,4.098563483795317]}"
1194_0,0.5522942,"{""geodesic"":false,""type"":""Point"",""coordinates"":[-74.56241437013058,4.457889597443126]}"
1195_0,0.58055556,"{""geodesic"":false,""type"":""Point"",""coordinates"":[-74.61182171075716,4.489330632387309]}"
1196_0,0.20207492,"{""geodesic"":false,""type"":""Point"",""coordinates"":[-73.94706840050871,4.053647719589341]}"
1197_0,4.6337013,"{""geodesic"":false,""type"":""Point"",""coordinates"":[-74.10876515165023,4.781283099726154]}"
1198_0,0.3379071,"{""geodesic"":false,""type"":""Point"",""coordinates"":[-74.58487225223358,4.866623051717508]}"
1199_0,0.7618763,"{""geodesic"":false,""type"":""Point"",""coordinates"":[-74.68817850990732,4.242293929254441]}"
1200_0,0.30679932,"{""geodesic"":false,""type"":""Point"",""coordinates"":[-74.41419234825086,5.091201872747388]}"
1201_0,0.24164428,"{""geodesic"":false,""type"":""Point"",""coordinates"":[-73.23739932605429,4.152462400842488]}"
1202_0,1.3734362,"{""geodesic"":false,""type"":""Point"",""coordinates"":[-74.03240835250007,4.992387191494241]}"
1203_0,0.20342264,"{""geodesic"":false,""type"":""Point"",""coordinates"":[-73.97850943545289,3.950341461915596]}"
1204_0,0.18649521,"{""geodesic"":false,""type"":""Point"",""coordinates"":[-73.67757381527285,4.498313785228504]}"
1205_0,0.2036189,"{""geodesic"":false,""type"":""Point"",""coordinates"":[-73.93808524766752,5.769429912257627]}"
1206_0,77.42055,"{""geodesic"":false,""type"":""Point"",""coordinates"":[-74.14918933943561,4.601620042902249]}"
1207_0,3.791216,"{""geodesic"":false,""type"":""Point"",""coordinates"":[-73.47545287634597,5.495443750601173]}"
1208_0,0.6481586,"{""geodesic"":false,""type"":""Point"",""coordinates"":[-73.54282652265493,3.9099172741302173]}"
1209_0,0.17325225,"{""geodesic"":false,""type"":""Point"",""coordinates"":[-73.13858464480114,3.815594169297668]}"
1210_0,0.24269575,"{""geodesic"":false,""type"":""Point"",""coordinates"":[-73.11612676269816,5.1585755190563525]}"
1211_0,0.24275002,"{""geodesic"":false,""type"":""Point"",""coordinates"":[-73.65511593316987,5.742480453734041]}"
1212_0,0.25729793,"{""geodesic"":false,""type"":""Point"",""coordinates"":[-73.47994445276656,5.7514636065752365]}"
1213_0,1.8846129,"{""geodesic"":false,""type"":""Point"",""coordinates"":[-73.93359367124692,4.86213147529691]}"
1214_0,0.20890023,"{""geodesic"":false,""type"":""Point"",""coordinates"":[-73.20146671468952,4.2961928463016115]}"
1215_0,0.7698258,"{""geodesic"":false,""type"":""Point"",""coordinates"":[-74.87233314315182,4.84416516961452]}"
1216_0,0.19097227,"{""geodesic"":false,""type"":""Point"",""coordinates"":[-73.11163518627755,3.752712099409301]}"
1217_0,0.18996242,"{""geodesic"":false,""type"":""Point"",""coordinates"":[-74.88580787241361,5.437053257133404]}"
1218_0,0.19809622,"{""geodesic"":false,""type"":""Point"",""coordinates"":[-73.58325071044031,5.019336650017826]}"
1219_0,0.17841916,"{""geodesic"":false,""type"":""Point"",""coordinates"":[-74.08181569312664,3.972799344018584]}"
1220_0,0.28088138,"{""geodesic"":false,""type"":""Point"",""coordinates"":[-73.39011292435461,3.8560183570830464]}"
1221_0,0.2646017,"{""geodesic"":false,""type"":""Point"",""coordinates"":[-73.80333795504959,4.736367335520177]}"
1222_0,0.2510252,"{""geodesic"":false,""type"":""Point"",""coordinates"":[-74.40970077183027,5.190016554000536]}"
1223_0,0.20200777,"{""geodesic"":false,""type"":""Point"",""coordinates"":[-73.20595829111011,4.633061077846432]}"
1224_0,0.17663899,"{""geodesic"":false,""type"":""Point"",""coordinates"":[-73.0487531163892,3.757203675829899]}"
1225_0,0.2283157,"{""geodesic"":false,""type"":""Point"",""coordinates"":[-73.07570257491278,4.525263243752089]}"
1226_0,0.38600892,"{""geodesic"":false,""type"":""Point"",""coordinates"":[-73.90215263630274,4.439923291760735]}"
1227_0,0.25318584,"{""geodesic"":false,""type"":""Point"",""coordinates"":[-74.82741737894584,3.9189004269714127]}"
1228_0,0.17920363,"{""geodesic"":false,""type"":""Point"",""coordinates"":[-73.93808524766752,4.152462400842488]}"
1229_0,0.30804497,"{""geodesic"":false,""type"":""Point"",""coordinates"":[-73.37663819509282,5.715530995210456]}"
1230_0,0.19495349,"{""geodesic"":false,""type"":""Point"",""coordinates"":[-73.0307868107068,5.3876459165068304]}"
1231_0,0.19918048,"{""geodesic"":false,""type"":""Point"",""coordinates"":[-73.22841617321309,4.30068442272221]}"
1232_0,0.2256341,"{""geodesic"":false,""type"":""Point"",""coordinates"":[-74.19410510364158,5.2573902003095]}"
1233_0,0.63772446,"{""geodesic"":false,""type"":""Point"",""coordinates"":[-74.89928260167541,3.838052051400656]}"
1234_0,0.3153608,"{""geodesic"":false,""type"":""Point"",""coordinates"":[-73.30028139594266,4.022206684645158]}"
1235_0,0.19352612,"{""geodesic"":false,""type"":""Point"",""coordinates"":[-74.76453530905748,5.266373353150695]}"
1236_0,0.8996118,"{""geodesic"":false,""type"":""Point"",""coordinates"":[-74.57139752297178,5.059760837803205]}"
1237_0,0.28799334,"{""geodesic"":false,""type"":""Point"",""coordinates"":[-74.47258284171863,5.396629069348026]}"
1238_0,0.19502756,"{""geodesic"":false,""type"":""Point"",""coordinates"":[-73.06222784565098,5.40561222218922]}"
1239_0,0.3153053,"{""geodesic"":false,""type"":""Point"",""coordinates"":[-73.65062435674928,5.535867938386551]}"
1240_0,1.4546701,"{""geodesic"":false,""type"":""Point"",""coordinates"":[-74.26597032637115,4.803740981829141]}"
1241_0,0.24174172,"{""geodesic"":false,""type"":""Point"",""coordinates"":[-74.76902688547807,4.848656746035117]}"
1242_0,0.20640689,"{""geodesic"":false,""type"":""Point"",""coordinates"":[-73.50689391129015,5.091201872747388]}"
1243_0,0.25605825,"{""geodesic"":false,""type"":""Point"",""coordinates"":[-73.86622002493796,5.625699466798504]}"
1244_0,0.23725915,"{""geodesic"":false,""type"":""Point"",""coordinates"":[-73.29578981952206,4.345600186928185]}"
1245_0,0.22022833,"{""geodesic"":false,""type"":""Point"",""coordinates"":[-73.16553410332473,5.140609213373962]}"
1246_0,0.19634463,"{""geodesic"":false,""type"":""Point"",""coordinates"":[-73.49341918202836,5.80087094720181]}"
1247_0,0.22713283,"{""geodesic"":false,""type"":""Point"",""coordinates"":[-73.85723687209676,4.1255129423189025]}"
1248_0,0.20080568,"{""geodesic"":false,""type"":""Point"",""coordinates"":[-74.03240835250007,4.242293929254441]}"
1249_0,0.18373734,"{""geodesic"":false,""type"":""Point"",""coordinates"":[-73.61918332180508,4.978912462232448]}"
1250_0,0.21853541,"{""geodesic"":false,""type"":""Point"",""coordinates"":[-74.167155645118,5.49993532702177]}"
1251_0,0.2374549,"{""geodesic"":false,""type"":""Point"",""coordinates"":[-74.55792279370999,4.071614025271732]}"
1252_0,0.25753158,"{""geodesic"":false,""type"":""Point"",""coordinates"":[-74.3558018547831,5.306797540936073]}"
1253_0,0.20051275,"{""geodesic"":false,""type"":""Point"",""coordinates"":[-74.1581724922768,5.477477444918782]}"
1254_0,0.23910578,"{""geodesic"":false,""type"":""Point"",""coordinates"":[-73.61469174538449,5.127134484112169]}"
1255_0,0.19499834,"{""geodesic"":false,""type"":""Point"",""coordinates"":[-74.11325672807082,4.152462400842488]}"
1256_0,11.367057,"{""geodesic"":false,""type"":""Point"",""coordinates"":[-74.11325672807082,4.484839055966711]}"
1257_0,3.0444317,"{""geodesic"":false,""type"":""Point"",""coordinates"":[-73.82130426073198,5.2933228116742805]}"
1258_0,0.31016633,"{""geodesic"":false,""type"":""Point"",""coordinates"":[-74.20757983290338,5.172050248318145]}"
1259_0,0.15382765,"{""geodesic"":false,""type"":""Point"",""coordinates"":[-74.24351244426816,3.7616952522504965]}"
1260_0,0.18089277,"{""geodesic"":false,""type"":""Point"",""coordinates"":[-74.43665023035385,5.796379370781213]}"
1261_0,0.19246747,"{""geodesic"":false,""type"":""Point"",""coordinates"":[-74.09079884596784,5.78290464151942]}"
1262_0,0.393034,"{""geodesic"":false,""type"":""Point"",""coordinates"":[-74.58487225223358,3.941358309074401]}"
1263_0,0.20427558,"{""geodesic"":false,""type"":""Point"",""coordinates"":[-73.9740178590323,3.838052051400656]}"
1264_0,0.20049737,"{""geodesic"":false,""type"":""Point"",""coordinates"":[-74.11774830449143,5.266373353150695]}"
1265_0,0.24280071,"{""geodesic"":false,""type"":""Point"",""coordinates"":[-73.65062435674928,4.3366170340869905]}"
1266_0,0.4766269,"{""geodesic"":false,""type"":""Point"",""coordinates"":[-74.29291978489474,4.898064086661691]}"
1267_0,0.26258606,"{""geodesic"":false,""type"":""Point"",""coordinates"":[-73.02629523428621,4.332125457666392]}"
1268_0,0.22492824,"{""geodesic"":false,""type"":""Point"",""coordinates"":[-74.7330942741133,3.847035204241851]}"
1269_0,0.22511746,"{""geodesic"":false,""type"":""Point"",""coordinates"":[-73.4170623828782,3.7257626408857156]}"
1270_0,0.21782623,"{""geodesic"":false,""type"":""Point"",""coordinates"":[-73.89766105988214,4.260260234936831]}"
1271_0,0.20223066,"{""geodesic"":false,""type"":""Point"",""coordinates"":[-73.95605155334991,5.684089960266273]}"
1272_0,0.17445882,"{""geodesic"":false,""type"":""Point"",""coordinates"":[-74.28393663205354,3.7931362871946797]}"
1273_0,0.19738527,"{""geodesic"":false,""type"":""Point"",""coordinates"":[-73.19248356184832,4.46687275028432]}"
1274_0,0.92577785,"{""geodesic"":false,""type"":""Point"",""coordinates"":[-74.1626640686974,5.1585755190563525]}"
1275_0,0.18410312,"{""geodesic"":false,""type"":""Point"",""coordinates"":[-73.64613278032867,4.722892606258385]}"
1276_0,0.59434795,"{""geodesic"":false,""type"":""Point"",""coordinates"":[-73.77638849652601,5.037302955700217]}"
1277_0,0.19242339,"{""geodesic"":false,""type"":""Point"",""coordinates"":[-74.78250161473987,5.140609213373962]}"
1278_0,0.21261388,"{""geodesic"":false,""type"":""Point"",""coordinates"":[-73.54282652265493,4.866623051717508]}"
1279_0,0.51226884,"{""geodesic"":false,""type"":""Point"",""coordinates"":[-74.65224589854253,5.419086951451014]}"
1280_0,34.820427,"{""geodesic"":false,""type"":""Point"",""coordinates"":[-74.11325672807082,4.73187575909958]}"
1281_0,0.17344248,"{""geodesic"":false,""type"":""Point"",""coordinates"":[-73.28231509026027,4.628569501425835]}"
1282_0,0.20281143,"{""geodesic"":false,""type"":""Point"",""coordinates"":[-74.54444806444819,5.68858153668687]}"
1283_0,0.21732002,"{""geodesic"":false,""type"":""Point"",""coordinates"":[-74.3378355491007,5.342730152300854]}"
1284_0,0.2726788,"{""geodesic"":false,""type"":""Point"",""coordinates"":[-74.84987526104884,3.9189004269714127]}"
1285_0,0.30830127,"{""geodesic"":false,""type"":""Point"",""coordinates"":[-73.36316346583102,4.161445553683683]}"
1286_0,0.23055482,"{""geodesic"":false,""type"":""Point"",""coordinates"":[-73.10265203343637,5.625699466798504]}"
1287_0,0.25446212,"{""geodesic"":false,""type"":""Point"",""coordinates"":[-73.32723085446625,4.165937130104282]}"
1288_0,0.33821183,"{""geodesic"":false,""type"":""Point"",""coordinates"":[-74.83640053178704,4.534246396593285]}"
1289_0,0.28161225,"{""geodesic"":false,""type"":""Point"",""coordinates"":[-73.35418031298983,5.338238575880257]}"
1290_0,6.833175,"{""geodesic"":false,""type"":""Point"",""coordinates"":[-74.18063037437979,4.660010536370018]}"
1291_0,0.1580325,"{""geodesic"":false,""type"":""Point"",""coordinates"":[-74.22554613858577,3.788644710774082]}"
1292_0,0.5864868,"{""geodesic"":false,""type"":""Point"",""coordinates"":[-73.83028741357317,5.086710296326791]}"
1293_0,0.1933226,"{""geodesic"":false,""type"":""Point"",""coordinates"":[-73.35418031298983,5.270864929571292]}"
1294_0,0.21757668,"{""geodesic"":false,""type"":""Point"",""coordinates"":[-73.50689391129015,5.086710296326791]}"
1295_0,0.19111308,"{""geodesic"":false,""type"":""Point"",""coordinates"":[-74.11325672807082,4.044664566748145]}"
1296_0,0.18528153,"{""geodesic"":false,""type"":""Point"",""coordinates"":[-74.08630726954723,5.468494292077588]}"
1297_0,0.7218864,"{""geodesic"":false,""type"":""Point"",""coordinates"":[-73.53833494623433,5.666123654583882]}"
1298_0,0.25125587,"{""geodesic"":false,""type"":""Point"",""coordinates"":[-73.20146671468952,4.031189837486353]}"
1299_0,0.36870545,"{""geodesic"":false,""type"":""Point"",""coordinates"":[-73.85274529567616,4.493822208807907]}"
1300_0,0.59261715,"{""geodesic"":false,""type"":""Point"",""coordinates"":[-74.51749860592462,4.188395012207269]}"
1301_0,0.22474836,"{""geodesic"":false,""type"":""Point"",""coordinates"":[-74.65224589854253,5.338238575880257]}"
1302_0,0.3111907,"{""geodesic"":false,""type"":""Point"",""coordinates"":[-73.86172844851735,3.7616952522504965]}"
1303_0,0.18829383,"{""geodesic"":false,""type"":""Point"",""coordinates"":[-73.19697513826891,3.7976278636152774]}"
1304_0,0.20568201,"{""geodesic"":false,""type"":""Point"",""coordinates"":[-73.42155395929879,4.372549645451771]}"
1305_0,0.29648504,"{""geodesic"":false,""type"":""Point"",""coordinates"":[-73.88418633062035,3.90542569770962]}"
1306_0,0.19574565,"{""geodesic"":false,""type"":""Point"",""coordinates"":[-74.13122303375322,5.378662763665635]}"
1307_0,0.21601039,"{""geodesic"":false,""type"":""Point"",""coordinates"":[-74.21656298574457,5.589766855433723]}"
1308_0,0.17687355,"{""geodesic"":false,""type"":""Point"",""coordinates"":[-74.46359968887744,5.616716313957308]}"
1309_0,0.2574011,"{""geodesic"":false,""type"":""Point"",""coordinates"":[-73.26884036099848,4.174920282945476]}"
1310_0,0.48108557,"{""geodesic"":false,""type"":""Point"",""coordinates"":[-73.84376214283498,4.323142304825198]}"
1311_0,0.26261422,"{""geodesic"":false,""type"":""Point"",""coordinates"":[-73.83028741357317,4.76780837046436]}"
1312_0,0.16769364,"{""geodesic"":false,""type"":""Point"",""coordinates"":[-74.39173446614788,4.044664566748145]}"
1313_0,0.22280787,"{""geodesic"":false,""type"":""Point"",""coordinates"":[-73.0442615399686,5.118151331270974]}"
1314_0,0.18237326,"{""geodesic"":false,""type"":""Point"",""coordinates"":[-73.25087405531609,4.291701269881014]}"
1315_0,0.1963576,"{""geodesic"":false,""type"":""Point"",""coordinates"":[-73.2329077496337,4.911538815923484]}"
1316_0,0.24387704,"{""geodesic"":false,""type"":""Point"",""coordinates"":[-74.62080486359835,3.995257226121572]}"
1317_0,0.25765482,"{""geodesic"":false,""type"":""Point"",""coordinates"":[-73.61469174538449,5.410103798609819]}"
1318_0,3.3396196,"{""geodesic"":false,""type"":""Point"",""coordinates"":[-73.74943903800242,3.936866732653803]}"
1319_0,1.1634089,"{""geodesic"":false,""type"":""Point"",""coordinates"":[-74.73758585053389,5.190016554000536]}"
1320_0,0.20512559,"{""geodesic"":false,""type"":""Point"",""coordinates"":[-74.81843422610466,5.419086951451014]}"
1321_0,0.20912968,"{""geodesic"":false,""type"":""Point"",""coordinates"":[-74.82741737894584,5.122642907691572]}"
1322_0,0.34159687,"{""geodesic"":false,""type"":""Point"",""coordinates"":[-74.58936382865417,3.9548330383361936]}"
1323_0,0.19308372,"{""geodesic"":false,""type"":""Point"",""coordinates"":[-73.0218036578656,5.360696457983245]}"
1324_0,5.0429163,"{""geodesic"":false,""type"":""Point"",""coordinates"":[-73.68206539169346,3.8200857457182655]}"
1325_0,0.20437653,"{""geodesic"":false,""type"":""Point"",""coordinates"":[-73.43502868856059,4.493822208807907]}"
1326_0,0.20173913,"{""geodesic"":false,""type"":""Point"",""coordinates"":[-73.43952026498118,4.381532798292966]}"
1327_0,0.58648926,"{""geodesic"":false,""type"":""Point"",""coordinates"":[-74.49054914740103,4.664502112790616]}"
1328_0,0.19295555,"{""geodesic"":false,""type"":""Point"",""coordinates"":[-73.2194330203719,4.925013545185277]}"
1329_0,3.8611035,"{""geodesic"":false,""type"":""Point"",""coordinates"":[-73.66859066243167,4.143479248001293]}"
1330_0,0.23794207,"{""geodesic"":false,""type"":""Point"",""coordinates"":[-73.70901485021705,4.889080933820496]}"
1331_0,0.34358215,"{""geodesic"":false,""type"":""Point"",""coordinates"":[-74.89928260167541,4.996878767914839]}"
1332_0,1.8264618,"{""geodesic"":false,""type"":""Point"",""coordinates"":[-74.1581724922768,4.502805361649101]}"
1333_0,0.21981928,"{""geodesic"":false,""type"":""Point"",""coordinates"":[-73.72248957947883,4.305175999142807]}"
1334_0,0.14586857,"{""geodesic"":false,""type"":""Point"",""coordinates"":[-73.82130426073198,5.720022571631054]}"
1335_0,0.50584763,"{""geodesic"":false,""type"":""Point"",""coordinates"":[-74.3558018547831,4.54322954943448]}"
1336_0,0.26670808,"{""geodesic"":false,""type"":""Point"",""coordinates"":[-73.0352783871274,5.648157348901492]}"
1337_0,1.2743266,"{""geodesic"":false,""type"":""Point"",""coordinates"":[-74.80046792042226,4.215344470730855]}"
1338_0,1.4314371,"{""geodesic"":false,""type"":""Point"",""coordinates"":[-73.51138548771074,4.287209693460417]}"
1339_0,0.20472196,"{""geodesic"":false,""type"":""Point"",""coordinates"":[-73.11163518627755,5.455019562815795]}"
1340_0,0.23612295,"{""geodesic"":false,""type"":""Point"",""coordinates"":[-74.57588909939238,5.356204881562647]}"
1341_0,0.31445,"{""geodesic"":false,""type"":""Point"",""coordinates"":[-73.4035876536164,3.9772909204391818]}"
1342_0,0.3040443,"{""geodesic"":false,""type"":""Point"",""coordinates"":[-73.85723687209676,3.824577322138863]}"
1343_0,0.21317707,"{""geodesic"":false,""type"":""Point"",""coordinates"":[-73.43053711213999,5.190016554000536]}"
1344_0,0.1893582,"{""geodesic"":false,""type"":""Point"",""coordinates"":[-74.58487225223358,3.8874593920272296]}"
1345_0,0.26800638,"{""geodesic"":false,""type"":""Point"",""coordinates"":[-73.88418633062035,5.333746999459659]}"
1346_0,0.19377957,"{""geodesic"":false,""type"":""Point"",""coordinates"":[-74.85885841389003,5.70654784236926]}"
1347_0,0.16501117,"{""geodesic"":false,""type"":""Point"",""coordinates"":[-73.0218036578656,5.324763846618464]}"
1348_0,1.9173706,"{""geodesic"":false,""type"":""Point"",""coordinates"":[-74.21656298574457,4.516280090910895]}"
1349_0,0.12604754,"{""geodesic"":false,""type"":""Point"",""coordinates"":[-73.51587706413135,4.570179007958066]}"
1350_0,0.28462276,"{""geodesic"":false,""type"":""Point"",""coordinates"":[-74.7151279684309,5.360696457983245]}"
1351_0,0.6855326,"{""geodesic"":false,""type"":""Point"",""coordinates"":[-73.30028139594266,3.9772909204391818]}"
1352_0,0.28154892,"{""geodesic"":false,""type"":""Point"",""coordinates"":[-73.55630125191672,3.71677948804452]}"
1353_0,0.18714736,"{""geodesic"":false,""type"":""Point"",""coordinates"":[-73.75393061442301,4.73187575909958]}"
1354_0,0.20147039,"{""geodesic"":false,""type"":""Point"",""coordinates"":[-74.23452929142697,4.143479248001293]}"
1355_0,0.21310176,"{""geodesic"":false,""type"":""Point"",""coordinates"":[-73.49791075844895,4.359074916189979]}"
1356_0,0.21424532,"{""geodesic"":false,""type"":""Point"",""coordinates"":[-73.00832892860382,4.215344470730855]}"
1357_0,0.7218561,"{""geodesic"":false,""type"":""Point"",""coordinates"":[-73.5967254397021,3.8066110164564724]}"
1358_0,0.17626092,"{""geodesic"":false,""type"":""Point"",""coordinates"":[-74.83190895536644,5.787396217940017]}"
1359_0,0.28727823,"{""geodesic"":false,""type"":""Point"",""coordinates"":[-73.28231509026027,4.0087319553833645]}"
1360_0,0.23918684,"{""geodesic"":false,""type"":""Point"",""coordinates"":[-74.55792279370999,5.315780693777269]}"
1361_0,2.6315138,"{""geodesic"":false,""type"":""Point"",""coordinates"":[-73.65062435674928,4.080597178112926]}"
1362_0,0.18985805,"{""geodesic"":false,""type"":""Point"",""coordinates"":[-73.07570257491278,5.342730152300854]}"
1363_0,0.31020665,"{""geodesic"":false,""type"":""Point"",""coordinates"":[-74.79597634400166,4.668993689211213]}"
1364_0,0.20134579,"{""geodesic"":false,""type"":""Point"",""coordinates"":[-73.02629523428621,4.439923291760735]}"
1365_0,5.7524147,"{""geodesic"":false,""type"":""Point"",""coordinates"":[-74.00096731755589,5.0058619207560335]}"
1366_0,0.18036142,"{""geodesic"":false,""type"":""Point"",""coordinates"":[-74.20757983290338,4.076105601692329]}"
1367_0,0.20313467,"{""geodesic"":false,""type"":""Point"",""coordinates"":[-73.0218036578656,5.113659754850376]}"
1368_0,17.744678,"{""geodesic"":false,""type"":""Point"",""coordinates"":[-73.48892760560776,5.495443750601173]}"
1369_0,0.91120684,"{""geodesic"":false,""type"":""Point"",""coordinates"":[-74.43215865393326,4.363566492610576]}"
1370_0,0.308768,"{""geodesic"":false,""type"":""Point"",""coordinates"":[-73.84825371925557,5.279848082412488]}"
1371_0,0.3189481,"{""geodesic"":false,""type"":""Point"",""coordinates"":[-74.33334397268011,5.100185025588583]}"
1372_0,0.2859613,"{""geodesic"":false,""type"":""Point"",""coordinates"":[-74.81843422610466,4.579162160799261]}"
1373_0,1.8726964,"{""geodesic"":false,""type"":""Point"",""coordinates"":[-73.71350642663764,4.161445553683683]}"
1374_0,0.18445404,"{""geodesic"":false,""type"":""Point"",""coordinates"":[-74.24351244426816,3.7392373701475083]}"
1375_0,0.24707378,"{""geodesic"":false,""type"":""Point"",""coordinates"":[-74.70165323916912,5.248407047468304]}"
1376_0,0.17515467,"{""geodesic"":false,""type"":""Point"",""coordinates"":[-74.64326274570135,3.7616952522504965]}"
1377_0,0.18896347,"{""geodesic"":false,""type"":""Point"",""coordinates"":[-73.72248957947883,4.426448562498942]}"
1378_0,0.21976386,"{""geodesic"":false,""type"":""Point"",""coordinates"":[-73.92910209482632,4.251277082095636]}"
1379_0,0.20313026,"{""geodesic"":false,""type"":""Point"",""coordinates"":[-74.80046792042226,3.707796335203325]}"
1380_0,0.28899834,"{""geodesic"":false,""type"":""Point"",""coordinates"":[-73.25985720815729,4.085088754533524]}"
1381_0,0.16563123,"{""geodesic"":false,""type"":""Point"",""coordinates"":[-74.1761387979592,3.8874593920272296]}"
1382_0,6.4933367,"{""geodesic"":false,""type"":""Point"",""coordinates"":[-73.94706840050871,4.933996698026472]}"
1383_0,0.21756887,"{""geodesic"":false,""type"":""Point"",""coordinates"":[-73.0307868107068,4.013223531803963]}"
1384_0,1.8248148,"{""geodesic"":false,""type"":""Point"",""coordinates"":[-74.7330942741133,4.907047239502886]}"
1385_0,0.23455666,"{""geodesic"":false,""type"":""Point"",""coordinates"":[-73.43952026498118,5.230440741785914]}"
1386_0,0.35157582,"{""geodesic"":false,""type"":""Point"",""coordinates"":[-74.63877116928074,4.350091763348783]}"
1387_0,1.0401584,"{""geodesic"":false,""type"":""Point"",""coordinates"":[-73.43053711213999,4.992387191494241]}"
1388_0,0.2137306,"{""geodesic"":false,""type"":""Point"",""coordinates"":[-73.07570257491278,4.350091763348783]}"
1389_0,0.20445214,"{""geodesic"":false,""type"":""Point"",""coordinates"":[-73.09816045701577,5.010353497176632]}"
1390_0,0.37537634,"{""geodesic"":false,""type"":""Point"",""coordinates"":[-73.20595829111011,4.071614025271732]}"
1391_0,0.21028633,"{""geodesic"":false,""type"":""Point"",""coordinates"":[-73.039769963548,4.597128466481651]}"
1392_0,0.78852975,"{""geodesic"":false,""type"":""Point"",""coordinates"":[-74.88131629599302,4.197378165048464]}"
1393_0,0.21649559,"{""geodesic"":false,""type"":""Point"",""coordinates"":[-74.7241111212721,4.588145313640457]}"
1394_0,0.19125816,"{""geodesic"":false,""type"":""Point"",""coordinates"":[-73.09816045701577,4.9295051216058745]}"
1395_0,0.26161355,"{""geodesic"":false,""type"":""Point"",""coordinates"":[-73.32723085446625,3.9323751562332054]}"
1396_0,0.35258555,"{""geodesic"":false,""type"":""Point"",""coordinates"":[-74.34232712552131,4.013223531803963]}"
1397_0,0.20969275,"{""geodesic"":false,""type"":""Point"",""coordinates"":[-74.78699319116046,5.517901632704161]}"
1398_0,0.275723,"{""geodesic"":false,""type"":""Point"",""coordinates"":[-74.7196195448515,4.0671224488511335]}"
1399_0,0.17511776,"{""geodesic"":false,""type"":""Point"",""coordinates"":[-74.7151279684309,5.796379370781213]}"
1400_0,0.9435719,"{""geodesic"":false,""type"":""Point"",""coordinates"":[-74.84538368462823,4.183903435786672]}"
1401_0,0.36470342,"{""geodesic"":false,""type"":""Point"",""coordinates"":[-74.45910811245685,4.1075466366365125]}"
1402_0,0.28849494,"{""geodesic"":false,""type"":""Point"",""coordinates"":[-73.66859066243167,4.803740981829141]}"
1403_0,0.17524403,"{""geodesic"":false,""type"":""Point"",""coordinates"":[-74.1357146101738,3.8066110164564724]}"
1404_0,0.18504617,"{""geodesic"":false,""type"":""Point"",""coordinates"":[-73.0442615399686,3.882967815606632]}"
1405_0,0.21767716,"{""geodesic"":false,""type"":""Point"",""coordinates"":[-74.60283855791596,4.799249405408544]}"
1406_0,0.19559391,"{""geodesic"":false,""type"":""Point"",""coordinates"":[-73.49341918202836,4.803740981829141]}"
1407_0,0.17327058,"{""geodesic"":false,""type"":""Point"",""coordinates"":[-74.13122303375322,3.743728946568106]}"
1408_0,0.50526917,"{""geodesic"":false,""type"":""Point"",""coordinates"":[-73.37663819509282,5.450527986395197]}"
1409_0,0.58972764,"{""geodesic"":false,""type"":""Point"",""coordinates"":[-74.7106363920103,5.35171330514205]}"
1410_0,1.7833613,"{""geodesic"":false,""type"":""Point"",""coordinates"":[-74.01893362323828,5.0058619207560335]}"
1411_0,0.20847403,"{""geodesic"":false,""type"":""Point"",""coordinates"":[-73.19248356184832,5.014845073597229]}"
1412_0,0.2161546,"{""geodesic"":false,""type"":""Point"",""coordinates"":[-73.88867790704094,5.68858153668687]}"
1413_0,0.9648622,"{""geodesic"":false,""type"":""Point"",""coordinates"":[-74.42317550109206,4.547721125855078]}"
1414_0,0.19529295,"{""geodesic"":false,""type"":""Point"",""coordinates"":[-74.23003771500636,4.121021365898305]}"
1415_0,0.17728348,"{""geodesic"":false,""type"":""Point"",""coordinates"":[-73.66409908601106,4.498313785228504]}"
1416_0,0.33319357,"{""geodesic"":false,""type"":""Point"",""coordinates"":[-73.74045588516123,5.221457588944719]}"
1417_0,0.2107511,"{""geodesic"":false,""type"":""Point"",""coordinates"":[-73.0307868107068,4.439923291760735]}"
1418_0,0.37540412,"{""geodesic"":false,""type"":""Point"",""coordinates"":[-74.23452929142697,5.338238575880257]}"
1419_0,0.35879123,"{""geodesic"":false,""type"":""Point"",""coordinates"":[-74.48156599455983,4.826198863932129]}"
1420_0,0.23379502,"{""geodesic"":false,""type"":""Point"",""coordinates"":[-73.15655095048353,4.09407190737472]}"
1421_0,0.19269572,"{""geodesic"":false,""type"":""Point"",""coordinates"":[-73.4125708064576,4.493822208807907]}"
1422_0,0.18955941,"{""geodesic"":false,""type"":""Point"",""coordinates"":[-73.0307868107068,5.288831235253683]}"
1423_0,0.19749928,"{""geodesic"":false,""type"":""Point"",""coordinates"":[-73.3946045007752,4.9295051216058745]}"
1424_0,0.22242045,"{""geodesic"":false,""type"":""Point"",""coordinates"":[-73.2329077496337,4.839673593193922]}"
1425_0,0.9295777,"{""geodesic"":false,""type"":""Point"",""coordinates"":[-73.08468572775398,5.7514636065752365]}"
1426_0,0.18585795,"{""geodesic"":false,""type"":""Point"",""coordinates"":[-74.21207140932397,4.0671224488511335]}"
1427_0,0.20737967,"{""geodesic"":false,""type"":""Point"",""coordinates"":[-74.79597634400166,3.707796335203325]}"
1428_0,0.30321944,"{""geodesic"":false,""type"":""Point"",""coordinates"":[-74.74656900337509,4.619586348584639]}"
1429_0,0.1935217,"{""geodesic"":false,""type"":""Point"",""coordinates"":[-73.01282050502441,3.8605099335036437]}"
1430_0,0.24826662,"{""geodesic"":false,""type"":""Point"",""coordinates"":[-74.78699319116046,5.172050248318145]}"
1431_0,0.25343758,"{""geodesic"":false,""type"":""Point"",""coordinates"":[-73.28680666668086,4.960946156550058]}"
1432_0,0.23890908,"{""geodesic"":false,""type"":""Point"",""coordinates"":[-74.27495347921234,5.338238575880257]}"
1433_0,0.40199608,"{""geodesic"":false,""type"":""Point"",""coordinates"":[-74.87233314315182,4.035681413906951]}"
1434_0,0.18169846,"{""geodesic"":false,""type"":""Point"",""coordinates"":[-73.22841617321309,4.9878956150736435]}"
1435_0,0.15913711,"{""geodesic"":false,""type"":""Point"",""coordinates"":[-74.44114180677445,5.612224737536711]}"
1436_0,0.26504868,"{""geodesic"":false,""type"":""Point"",""coordinates"":[-73.43502868856059,5.104676602009181]}"
1437_0,0.26995447,"{""geodesic"":false,""type"":""Point"",""coordinates"":[-74.57588909939238,4.098563483795317]}"
1438_0,0.22752811,"{""geodesic"":false,""type"":""Point"",""coordinates"":[-73.28231509026027,5.746972030154639]}"
1439_0,0.22256306,"{""geodesic"":false,""type"":""Point"",""coordinates"":[-73.11163518627755,4.386024374713564]}"
1440_0,0.33031872,"{""geodesic"":false,""type"":""Point"",""coordinates"":[-73.52935179339313,5.306797540936073]}"
1441_0,0.15530407,"{""geodesic"":false,""type"":""Point"",""coordinates"":[-74.04139150534127,5.181033401159341]}"
1442_0,0.18186916,"{""geodesic"":false,""type"":""Point"",""coordinates"":[-73.06222784565098,4.73187575909958]}"
1443_0,0.32446322,"{""geodesic"":false,""type"":""Point"",""coordinates"":[-73.67308223885226,5.423578527871611]}"
1444_0,0.38482907,"{""geodesic"":false,""type"":""Point"",""coordinates"":[-73.26434878457788,5.589766855433723]}"
1445_0,11.0868845,"{""geodesic"":false,""type"":""Point"",""coordinates"":[-74.06834096386486,4.56119585511687]}"
1446_0,1.0214199,"{""geodesic"":false,""type"":""Point"",""coordinates"":[-73.09366888059517,5.729005724472248]}"
1447_0,0.18902646,"{""geodesic"":false,""type"":""Point"",""coordinates"":[-73.02629523428621,5.279848082412488]}"
1448_0,0.55202675,"{""geodesic"":false,""type"":""Point"",""coordinates"":[-73.89766105988214,4.668993689211213]}"
1449_0,0.27012408,"{""geodesic"":false,""type"":""Point"",""coordinates"":[-73.86172844851735,4.089580330954122]}"
1450_0,0.27024454,"{""geodesic"":false,""type"":""Point"",""coordinates"":[-74.87233314315182,4.830690440352727]}"
1451_0,0.46615776,"{""geodesic"":false,""type"":""Point"",""coordinates"":[-73.88867790704094,4.381532798292966]}"
1452_0,0.2808105,"{""geodesic"":false,""type"":""Point"",""coordinates"":[-73.89316948346155,3.8874593920272296]}"
1453_0,0.19571379,"{""geodesic"":false,""type"":""Point"",""coordinates"":[-73.91562736556453,5.787396217940017]}"
1454_0,0.21188849,"{""geodesic"":false,""type"":""Point"",""coordinates"":[-74.74656900337509,3.802119440035875]}"
1455_0,0.15472995,"{""geodesic"":false,""type"":""Point"",""coordinates"":[-73.3946045007752,5.773921488678225]}"
1456_0,0.34616086,"{""geodesic"":false,""type"":""Point"",""coordinates"":[-73.12960149195995,5.693073113107467]}"
1457_0,0.19513871,"{""geodesic"":false,""type"":""Point"",""coordinates"":[-73.17900883258652,4.651027383528823]}"
1458_0,0.1841313,"{""geodesic"":false,""type"":""Point"",""coordinates"":[-74.27495347921234,5.621207890377906]}"
1459_0,0.2417612,"{""geodesic"":false,""type"":""Point"",""coordinates"":[-74.11325672807082,4.291701269881014]}"
1460_0,0.298292,"{""geodesic"":false,""type"":""Point"",""coordinates"":[-74.56690594655119,4.327633881245795]}"
1461_0,0.16696754,"{""geodesic"":false,""type"":""Point"",""coordinates"":[-74.56690594655119,3.7033047587827275]}"
1462_0,0.32938468,"{""geodesic"":false,""type"":""Point"",""coordinates"":[-73.54731809907553,5.342730152300854]}"
1463_0,0.17794526,"{""geodesic"":false,""type"":""Point"",""coordinates"":[-74.12223988091202,5.459511139236392]}"
1464_0,0.4383727,"{""geodesic"":false,""type"":""Point"",""coordinates"":[-74.40970077183027,4.817215711090935]}"
1465_0,0.5100791,"{""geodesic"":false,""type"":""Point"",""coordinates"":[-74.46809126529804,4.489330632387309]}"
1466_0,0.21190362,"{""geodesic"":false,""type"":""Point"",""coordinates"":[-74.39622604256847,4.116529789477707]}"
1467_0,0.37808058,"{""geodesic"":false,""type"":""Point"",""coordinates"":[-73.7898632257878,4.089580330954122]}"
1468_0,0.1800442,"{""geodesic"":false,""type"":""Point"",""coordinates"":[-73.6102001689639,4.390515951134161]}"
1469_0,0.18916246,"{""geodesic"":false,""type"":""Point"",""coordinates"":[-74.1851219508004,4.116529789477707]}"
1470_0,0.19762869,"{""geodesic"":false,""type"":""Point"",""coordinates"":[-73.44850341782238,4.547721125855078]}"
1471_0,0.17870916,"{""geodesic"":false,""type"":""Point"",""coordinates"":[-74.24800402068875,3.950341461915596]}"
1472_0,0.307225,"{""geodesic"":false,""type"":""Point"",""coordinates"":[-73.71350642663764,4.22432762357205]}"
1473_0,0.17156214,"{""geodesic"":false,""type"":""Point"",""coordinates"":[-73.05773626923039,5.338238575880257]}"
1474_0,0.24034257,"{""geodesic"":false,""type"":""Point"",""coordinates"":[-74.31537766699772,5.104676602009181]}"
1475_0,0.18010792,"{""geodesic"":false,""type"":""Point"",""coordinates"":[-73.51138548771074,5.122642907691572]}"
1476_0,0.2012866,"{""geodesic"":false,""type"":""Point"",""coordinates"":[-74.40520919540967,3.972799344018584]}"
1477_0,0.18025984,"{""geodesic"":false,""type"":""Point"",""coordinates"":[-74.47258284171863,5.297814388094879]}"
1478_0,0.22578533,"{""geodesic"":false,""type"":""Point"",""coordinates"":[-73.7853716493672,4.417465409657747]}"
1479_0,0.16451028,"{""geodesic"":false,""type"":""Point"",""coordinates"":[-74.45012495961565,5.80087094720181]}"
1480_0,0.9321993,"{""geodesic"":false,""type"":""Point"",""coordinates"":[-74.84987526104884,4.3186507284046]}"
1481_0,0.19030659,"{""geodesic"":false,""type"":""Point"",""coordinates"":[-73.96054312977051,5.5807837025925275]}"
1482_0,0.27476823,"{""geodesic"":false,""type"":""Point"",""coordinates"":[-73.42155395929879,4.969929309391253]}"
1483_0,0.1933979,"{""geodesic"":false,""type"":""Point"",""coordinates"":[-73.30028139594266,5.302305964515476]}"
1484_0,0.21000344,"{""geodesic"":false,""type"":""Point"",""coordinates"":[-73.01731208144501,4.898064086661691]}"
1485_0,0.20017269,"{""geodesic"":false,""type"":""Point"",""coordinates"":[-74.37825973688608,5.540359514807149]}"
1486_0,0.44792616,"{""geodesic"":false,""type"":""Point"",""coordinates"":[-73.35418031298983,5.167558671897548]}"
1487_0,0.19449617,"{""geodesic"":false,""type"":""Point"",""coordinates"":[-73.17900883258652,4.475855903125516]}"
1488_0,0.21390118,"{""geodesic"":false,""type"":""Point"",""coordinates"":[-74.78699319116046,5.571800549751332]}"
1489_0,0.26572353,"{""geodesic"":false,""type"":""Point"",""coordinates"":[-74.24351244426816,4.287209693460417]}"
1490_0,0.19684796,"{""geodesic"":false,""type"":""Point"",""coordinates"":[-74.31986924341831,4.138987671580695]}"
1491_0,0.19517803,"{""geodesic"":false,""type"":""Point"",""coordinates"":[-73.14756779764234,4.996878767914839]}"
1492_0,1.6088432,"{""geodesic"":false,""type"":""Point"",""coordinates"":[-73.36316346583102,5.585275279013125]}"
1493_0,0.18025999,"{""geodesic"":false,""type"":""Point"",""coordinates"":[-74.76004373263689,5.746972030154639]}"
1494_0,0.36679977,"{""geodesic"":false,""type"":""Point"",""coordinates"":[-73.6102001689639,4.269243387778026]}"
1495_0,0.30912822,"{""geodesic"":false,""type"":""Point"",""coordinates"":[-74.89928260167541,3.9683077675979863]}"
1496_0,0.22855496,"{""geodesic"":false,""type"":""Point"",""coordinates"":[-74.51749860592462,5.181033401159341]}"
1497_0,0.2903905,"{""geodesic"":false,""type"":""Point"",""coordinates"":[-74.62529644001896,5.194508130421133]}"
1498_0,0.25965214,"{""geodesic"":false,""type"":""Point"",""coordinates"":[-74.60283855791596,4.821707287511532]}"
1499_0,1.0380315,"{""geodesic"":false,""type"":""Point"",""coordinates"":[-73.7853716493672,5.077727143485595]}"
1500_0,1.7311966,"{""geodesic"":false,""type"":""Point"",""coordinates"":[-73.50240233486956,5.5223932091247585]}"
1501_0,0.6434192,"{""geodesic"":false,""type"":""Point"",""coordinates"":[-74.82292580252525,4.103055060215914]}"
1502_0,0.16813268,"{""geodesic"":false,""type"":""Point"",""coordinates"":[-74.23902086784756,3.7302542173063133]}"
1503_0,1.5184101,"{""geodesic"":false,""type"":""Point"",""coordinates"":[-74.84089210820764,4.282718117039819]}"
1504_0,0.19842966,"{""geodesic"":false,""type"":""Point"",""coordinates"":[-73.48892760560776,5.172050248318145]}"
1505_0,0.23987305,"{""geodesic"":false,""type"":""Point"",""coordinates"":[-73.36316346583102,4.314159151984002]}"
1506_0,0.1914364,"{""geodesic"":false,""type"":""Point"",""coordinates"":[-73.14307622122175,5.010353497176632]}"
1507_0,0.20329425,"{""geodesic"":false,""type"":""Point"",""coordinates"":[-73.06671942207159,3.9009341212890223]}"
1508_0,0.30147305,"{""geodesic"":false,""type"":""Point"",""coordinates"":[-74.57588909939238,5.136117636953364]}"
1509_0,0.17746696,"{""geodesic"":false,""type"":""Point"",""coordinates"":[-73.95605155334991,4.143479248001293]}"
1510_0,1.9279671,"{""geodesic"":false,""type"":""Point"",""coordinates"":[-73.67757381527285,4.004240378962767]}"
1511_0,0.7147659,"{""geodesic"":false,""type"":""Point"",""coordinates"":[-73.97850943545289,4.574670584378663]}"
1512_0,0.1851238,"{""geodesic"":false,""type"":""Point"",""coordinates"":[-74.20308825648277,5.589766855433723]}"
1513_0,0.48785684,"{""geodesic"":false,""type"":""Point"",""coordinates"":[-74.12673145733262,4.426448562498942]}"
1514_0,0.17263639,"{""geodesic"":false,""type"":""Point"",""coordinates"":[-74.22105456216516,3.8874593920272296]}"
1515_0,0.40613124,"{""geodesic"":false,""type"":""Point"",""coordinates"":[-73.34070558372804,5.365188034403842]}"
1516_0,0.39067423,"{""geodesic"":false,""type"":""Point"",""coordinates"":[-74.48156599455983,4.309667575563404]}"
1517_0,0.17022395,"{""geodesic"":false,""type"":""Point"",""coordinates"":[-73.62367489822569,4.529754820172688]}"
1518_0,0.2610237,"{""geodesic"":false,""type"":""Point"",""coordinates"":[-74.18961352722098,5.0058619207560335]}"
1519_0,0.18680243,"{""geodesic"":false,""type"":""Point"",""coordinates"":[-74.21656298574457,3.9683077675979863]}"
1520_0,0.16797726,"{""geodesic"":false,""type"":""Point"",""coordinates"":[-74.37825973688608,3.873984662765437]}"
1521_0,0.22257808,"{""geodesic"":false,""type"":""Point"",""coordinates"":[-74.8947910252548,5.423578527871611]}"
1522_0,54.92743,"{""geodesic"":false,""type"":""Point"",""coordinates"":[-74.09978199880904,4.570179007958066]}"
1523_0,0.24441226,"{""geodesic"":false,""type"":""Point"",""coordinates"":[-74.61631328717776,5.693073113107467]}"
1524_0,0.49052146,"{""geodesic"":false,""type"":""Point"",""coordinates"":[-74.76004373263689,4.165937130104282]}"
1525_0,0.17970708,"{""geodesic"":false,""type"":""Point"",""coordinates"":[-74.61631328717776,3.891950968447827]}"
1526_0,0.48329777,"{""geodesic"":false,""type"":""Point"",""coordinates"":[-74.64775432212194,4.403990680395954]}"
1527_0,0.39401364,"{""geodesic"":false,""type"":""Point"",""coordinates"":[-73.73147273232003,5.248407047468304]}"
1528_0,0.57946944,"{""geodesic"":false,""type"":""Point"",""coordinates"":[-73.92011894198512,4.421956986078345]}"
1529_0,0.17759746,"{""geodesic"":false,""type"":""Point"",""coordinates"":[-73.25536563173668,4.56119585511687]}"
1530_0,0.22036643,"{""geodesic"":false,""type"":""Point"",""coordinates"":[-73.06671942207159,4.799249405408544]}"
1531_0,0.18674552,"{""geodesic"":false,""type"":""Point"",""coordinates"":[-73.42155395929879,4.56119585511687]}"
1532_0,0.2020925,"{""geodesic"":false,""type"":""Point"",""coordinates"":[-73.06671942207159,4.260260234936831]}"
1533_0,0.23917638,"{""geodesic"":false,""type"":""Point"",""coordinates"":[-74.7241111212721,5.302305964515476]}"
1534_0,0.19653514,"{""geodesic"":false,""type"":""Point"",""coordinates"":[-73.31824770162505,4.6240779250052375]}"
1535_0,1.2663544,"{""geodesic"":false,""type"":""Point"",""coordinates"":[-74.87233314315182,5.028319802859022]}"
1536_0,1.2673608,"{""geodesic"":false,""type"":""Point"",""coordinates"":[-74.8947910252548,4.183903435786672]}"
1537_0,0.18009903,"{""geodesic"":false,""type"":""Point"",""coordinates"":[-74.36478500762429,3.8560183570830464]}"
1538_0,0.51359904,"{""geodesic"":false,""type"":""Point"",""coordinates"":[-73.62367489822569,4.233310776413245]}"
1539_0,0.18442081,"{""geodesic"":false,""type"":""Point"",""coordinates"":[-74.31537766699772,4.138987671580695]}"
1540_0,0.20245574,"{""geodesic"":false,""type"":""Point"",""coordinates"":[-74.67470378064553,4.592636890061054]}"
1541_0,0.17873353,"{""geodesic"":false,""type"":""Point"",""coordinates"":[-73.5922338632815,4.965437732970655]}"
1542_0,0.1987765,"{""geodesic"":false,""type"":""Point"",""coordinates"":[-74.77351846189868,4.713909453417189]}"
1543_0,0.21483651,"{""geodesic"":false,""type"":""Point"",""coordinates"":[-73.11612676269816,5.5223932091247585]}"
1544_0,0.24388494,"{""geodesic"":false,""type"":""Point"",""coordinates"":[-73.3946045007752,4.332125457666392]}"
1545_0,0.20213866,"{""geodesic"":false,""type"":""Point"",""coordinates"":[-74.3513102783625,3.9638161911773886]}"
1546_0,2.1344063,"{""geodesic"":false,""type"":""Point"",""coordinates"":[-74.03689992892066,4.579162160799261]}"
1547_0,0.26670808,"{""geodesic"":false,""type"":""Point"",""coordinates"":[-73.0352783871274,5.648157348901492]}"
1548_0,0.39764833,"{""geodesic"":false,""type"":""Point"",""coordinates"":[-73.47096129992536,4.228819199992648]}"
1549_0,0.23932156,"{""geodesic"":false,""type"":""Point"",""coordinates"":[-73.87071160135855,5.36967961082444]}"
1550_0,0.19805796,"{""geodesic"":false,""type"":""Point"",""coordinates"":[-73.11612676269816,5.122642907691572]}"
1551_0,0.3347443,"{""geodesic"":false,""type"":""Point"",""coordinates"":[-73.83028741357317,4.65551895994942]}"
1552_0,1.5054468,"{""geodesic"":false,""type"":""Point"",""coordinates"":[-73.69104854453465,4.058139296009939]}"
1553_0,0.5485729,"{""geodesic"":false,""type"":""Point"",""coordinates"":[-73.82130426073198,4.911538815923484]}"
1554_0,0.37215066,"{""geodesic"":false,""type"":""Point"",""coordinates"":[-74.40071761898908,4.502805361649101]}"
1555_0,1.6335187,"{""geodesic"":false,""type"":""Point"",""coordinates"":[-74.10427357522963,4.889080933820496]}"
1556_0,0.2721506,"{""geodesic"":false,""type"":""Point"",""coordinates"":[-73.53833494623433,5.059760837803205]}"
1557_0,0.2209272,"{""geodesic"":false,""type"":""Point"",""coordinates"":[-73.69554012095524,4.916030392344082]}"
1558_0,0.34263927,"{""geodesic"":false,""type"":""Point"",""coordinates"":[-74.47258284171863,4.830690440352727]}"
1559_0,0.21508557,"{""geodesic"":false,""type"":""Point"",""coordinates"":[-74.17164722153859,5.261881776730098]}"
1560_0,0.36934695,"{""geodesic"":false,""type"":""Point"",""coordinates"":[-74.39173446614788,4.9474714272882645]}"
1561_0,3.612996,"{""geodesic"":false,""type"":""Point"",""coordinates"":[-73.70003169737585,3.873984662765437]}"
1562_0,0.7574114,"{""geodesic"":false,""type"":""Point"",""coordinates"":[-74.40071761898908,4.421956986078345]}"
1563_0,0.27347866,"{""geodesic"":false,""type"":""Point"",""coordinates"":[-74.84089210820764,5.5628173969101375]}"
1564_0,0.24496251,"{""geodesic"":false,""type"":""Point"",""coordinates"":[-74.76902688547807,4.86213147529691]}"
1565_0,0.23130667,"{""geodesic"":false,""type"":""Point"",""coordinates"":[-74.88580787241361,4.457889597443126]}"
1566_0,0.4033964,"{""geodesic"":false,""type"":""Point"",""coordinates"":[-73.32273927804565,4.116529789477707]}"
1567_0,0.17500696,"{""geodesic"":false,""type"":""Point"",""coordinates"":[-74.58487225223358,3.802119440035875]}"
1568_0,0.1806723,"{""geodesic"":false,""type"":""Point"",""coordinates"":[-74.26147874995054,5.684089960266273]}"
1569_0,0.41642773,"{""geodesic"":false,""type"":""Point"",""coordinates"":[-74.36927658404488,5.35171330514205]}"
1570_0,0.18031907,"{""geodesic"":false,""type"":""Point"",""coordinates"":[-73.31824770162505,4.821707287511532]}"
1571_0,8.131289,"{""geodesic"":false,""type"":""Point"",""coordinates"":[-73.52036864055194,5.477477444918782]}"
1572_0,0.3229929,"{""geodesic"":false,""type"":""Point"",""coordinates"":[-73.72248957947883,5.59425843185432]}"
1573_0,8.003336,"{""geodesic"":false,""type"":""Point"",""coordinates"":[-73.52935179339313,5.472985868498185]}"
1574_0,0.32501525,"{""geodesic"":false,""type"":""Point"",""coordinates"":[-74.65224589854253,4.058139296009939]}"
1575_0,0.2190575,"{""geodesic"":false,""type"":""Point"",""coordinates"":[-74.53546491160701,3.90542569770962]}"
1576_0,0.17482361,"{""geodesic"":false,""type"":""Point"",""coordinates"":[-74.75106057979569,5.648157348901492]}"
1577_0,0.39328617,"{""geodesic"":false,""type"":""Point"",""coordinates"":[-73.17900883258652,3.748220522988704]}"
1578_0,0.33372837,"{""geodesic"":false,""type"":""Point"",""coordinates"":[-73.73596430874062,5.625699466798504]}"
1579_0,0.20334607,"{""geodesic"":false,""type"":""Point"",""coordinates"":[-73.08917730417457,4.170428706524879]}"
1580_0,0.2482588,"{""geodesic"":false,""type"":""Point"",""coordinates"":[-73.07570257491278,5.621207890377906]}"
1581_0,0.19908503,"{""geodesic"":false,""type"":""Point"",""coordinates"":[-74.33334397268011,4.134496095160098]}"
1582_0,0.20645712,"{""geodesic"":false,""type"":""Point"",""coordinates"":[-74.1851219508004,5.2933228116742805]}"
1583_0,0.18271323,"{""geodesic"":false,""type"":""Point"",""coordinates"":[-73.24638247889548,5.131626060532767]}"
1584_0,1.5004566,"{""geodesic"":false,""type"":""Point"",""coordinates"":[-73.58325071044031,5.221457588944719]}"
1585_0,0.23261584,"{""geodesic"":false,""type"":""Point"",""coordinates"":[-73.87071160135855,4.255768658516233]}"
1586_0,0.3333606,"{""geodesic"":false,""type"":""Point"",""coordinates"":[-73.43053711213999,4.161445553683683]}"
1587_0,0.19193949,"{""geodesic"":false,""type"":""Point"",""coordinates"":[-74.10427357522963,5.4460364099745995]}"
1588_0,0.2635006,"{""geodesic"":false,""type"":""Point"",""coordinates"":[-73.06671942207159,5.055269261382607]}"
1589_0,0.29415974,"{""geodesic"":false,""type"":""Point"",""coordinates"":[-73.26884036099848,4.085088754533524]}"
1590_0,0.88635385,"{""geodesic"":false,""type"":""Point"",""coordinates"":[-73.55180967549613,5.459511139236392]}"
1591_0,0.20872492,"{""geodesic"":false,""type"":""Point"",""coordinates"":[-73.97850943545289,5.585275279013125]}"
1592_0,0.21930172,"{""geodesic"":false,""type"":""Point"",""coordinates"":[-74.05037465818246,5.661632078163285]}"
1593_0,0.20374882,"{""geodesic"":false,""type"":""Point"",""coordinates"":[-73.29129824310147,4.9878956150736435]}"
1594_0,0.4051489,"{""geodesic"":false,""type"":""Point"",""coordinates"":[-74.80945107326346,4.044664566748145]}"
1595_0,2.2438903,"{""geodesic"":false,""type"":""Point"",""coordinates"":[-73.63265805106688,4.080597178112926]}"
1596_0,0.43576914,"{""geodesic"":false,""type"":""Point"",""coordinates"":[-73.02629523428621,4.058139296009939]}"
1597_0,0.35895813,"{""geodesic"":false,""type"":""Point"",""coordinates"":[-74.64775432212194,5.14510078979456]}"
1598_0,0.20905794,"{""geodesic"":false,""type"":""Point"",""coordinates"":[-74.41868392467147,3.9772909204391818]}"
1599_0,4.3540063,"{""geodesic"":false,""type"":""Point"",""coordinates"":[-73.6102001689639,3.873984662765437]}"
1600_0,1.3383565,"{""geodesic"":false,""type"":""Point"",""coordinates"":[-74.08181569312664,4.46687275028432]}"
1601_0,0.7524137,"{""geodesic"":false,""type"":""Point"",""coordinates"":[-73.86172844851735,5.207982859682926]}"
1602_0,0.19520488,"{""geodesic"":false,""type"":""Point"",""coordinates"":[-73.61469174538449,4.372549645451771]}"
1603_0,0.29224274,"{""geodesic"":false,""type"":""Point"",""coordinates"":[-74.39622604256847,4.20636131788966]}"
1604_0,0.27282074,"{""geodesic"":false,""type"":""Point"",""coordinates"":[-73.4125708064576,5.032811379279619]}"
1605_0,0.33469638,"{""geodesic"":false,""type"":""Point"",""coordinates"":[-74.57588909939238,4.363566492610576]}"
1606_0,0.3571856,"{""geodesic"":false,""type"":""Point"",""coordinates"":[-74.50851545308342,4.314159151984002]}"
1607_0,0.3587637,"{""geodesic"":false,""type"":""Point"",""coordinates"":[-73.14756779764234,4.821707287511532]}"
1608_0,0.30844343,"{""geodesic"":false,""type"":""Point"",""coordinates"":[-73.798846378629,4.65551895994942]}"
1609_0,0.56222796,"{""geodesic"":false,""type"":""Point"",""coordinates"":[-73.79435480220839,5.365188034403842]}"
1610_0,0.22343639,"{""geodesic"":false,""type"":""Point"",""coordinates"":[-73.10265203343637,5.014845073597229]}"
1611_0,0.16801272,"{""geodesic"":false,""type"":""Point"",""coordinates"":[-73.29129824310147,5.225949165365317]}"
1612_0,0.17342642,"{""geodesic"":false,""type"":""Point"",""coordinates"":[-73.93808524766752,3.748220522988704]}"
1613_0,0.25353745,"{""geodesic"":false,""type"":""Point"",""coordinates"":[-73.28231509026027,4.381532798292966]}"
1614_0,1.82448,"{""geodesic"":false,""type"":""Point"",""coordinates"":[-74.88131629599302,4.20636131788966]}"
1615_0,0.1975576,"{""geodesic"":false,""type"":""Point"",""coordinates"":[-73.63265805106688,4.372549645451771]}"
1616_0,0.2170752,"{""geodesic"":false,""type"":""Point"",""coordinates"":[-74.7151279684309,4.592636890061054]}"
1617_0,0.18002653,"{""geodesic"":false,""type"":""Point"",""coordinates"":[-74.27046190279174,5.715530995210456]}"
1618_0,20.213526,"{""geodesic"":false,""type"":""Point"",""coordinates"":[-73.67757381527285,3.945849885494998]}"
1619_0,0.27386975,"{""geodesic"":false,""type"":""Point"",""coordinates"":[-74.45461653603624,5.490952174180576]}"
1620_0,0.29705954,"{""geodesic"":false,""type"":""Point"",""coordinates"":[-74.59834698149537,4.875606204558703]}"
1621_0,0.42783132,"{""geodesic"":false,""type"":""Point"",""coordinates"":[-74.1536809158562,5.639174196060297]}"
1622_0,0.24798313,"{""geodesic"":false,""type"":""Point"",""coordinates"":[-73.039769963548,5.113659754850376]}"
1623_0,0.14314914,"{""geodesic"":false,""type"":""Point"",""coordinates"":[-74.07283254028545,3.748220522988704]}"
1624_0,0.31094894,"{""geodesic"":false,""type"":""Point"",""coordinates"":[-74.56690594655119,4.63755265426703]}"
1625_0,0.28092626,"{""geodesic"":false,""type"":""Point"",""coordinates"":[-74.14020618659441,5.365188034403842]}"
1626_0,0.18451078,"{""geodesic"":false,""type"":""Point"",""coordinates"":[-74.86784156673123,5.441544833554001]}"
1627_0,0.362599,"{""geodesic"":false,""type"":""Point"",""coordinates"":[-74.61631328717776,4.493822208807907]}"
1628_0,0.1971128,"{""geodesic"":false,""type"":""Point"",""coordinates"":[-73.2149414439513,5.0822187199061934]}"
1629_0,0.16170704,"{""geodesic"":false,""type"":""Point"",""coordinates"":[-74.1581724922768,3.7706784050916915]}"
1630_0,0.22046468,"{""geodesic"":false,""type"":""Point"",""coordinates"":[-73.5877422868609,4.839673593193922]}"
1631_0,0.36356437,"{""geodesic"":false,""type"":""Point"",""coordinates"":[-74.31537766699772,4.875606204558703]}"
1632_0,0.18145081,"{""geodesic"":false,""type"":""Point"",""coordinates"":[-73.51138548771074,4.511788514490297]}"
1633_0,0.19957723,"{""geodesic"":false,""type"":""Point"",""coordinates"":[-73.14307622122175,5.0058619207560335]}"
1634_0,0.37133384,"{""geodesic"":false,""type"":""Point"",""coordinates"":[-74.65673747496314,4.417465409657747]}"
1635_0,0.18425167,"{""geodesic"":false,""type"":""Point"",""coordinates"":[-73.0218036578656,4.960946156550058]}"
1636_0,0.3021094,"{""geodesic"":false,""type"":""Point"",""coordinates"":[-73.07570257491278,4.080597178112926]}"
1637_0,1.6995326,"{""geodesic"":false,""type"":""Point"",""coordinates"":[-74.33334397268011,4.758825217623166]}"
1638_0,0.2110759,"{""geodesic"":false,""type"":""Point"",""coordinates"":[-73.68206539169346,4.920521968764679]}"
1639_0,0.65669936,"{""geodesic"":false,""type"":""Point"",""coordinates"":[-73.49791075844895,4.287209693460417]}"
1640_0,0.16683409,"{""geodesic"":false,""type"":""Point"",""coordinates"":[-74.21207140932397,5.634682619639698]}"
1641_0,0.17430471,"{""geodesic"":false,""type"":""Point"",""coordinates"":[-74.01444204681768,4.116529789477707]}"
1642_0,0.19022904,"{""geodesic"":false,""type"":""Point"",""coordinates"":[-74.24351244426816,4.138987671580695]}"
1643_0,0.29931128,"{""geodesic"":false,""type"":""Point"",""coordinates"":[-74.00995047039709,5.1765418247387425]}"
1644_0,0.20783289,"{""geodesic"":false,""type"":""Point"",""coordinates"":[-74.62978801643955,5.320272270197866]}"
1645_0,0.54720795,"{""geodesic"":false,""type"":""Point"",""coordinates"":[-73.62367489822569,5.23942389462711]}"
1646_0,2.930344,"{""geodesic"":false,""type"":""Point"",""coordinates"":[-74.7286026976927,4.282718117039819]}"
1647_0,0.18819211,"{""geodesic"":false,""type"":""Point"",""coordinates"":[-74.69267008632792,5.769429912257627]}"
1648_0,0.18816309,"{""geodesic"":false,""type"":""Point"",""coordinates"":[-74.11774830449143,5.4640027156569895]}"
1649_0,0.18916923,"{""geodesic"":false,""type"":""Point"",""coordinates"":[-74.41868392467147,5.311289117356671]}"
1650_0,0.19239327,"{""geodesic"":false,""type"":""Point"",""coordinates"":[-74.75555215621628,5.571800549751332]}"
1651_0,0.20254055,"{""geodesic"":false,""type"":""Point"",""coordinates"":[-74.1536809158562,5.57629212617193]}"
1652_0,0.46062186,"{""geodesic"":false,""type"":""Point"",""coordinates"":[-73.83927056641437,4.022206684645158]}"
1653_0,0.2389037,"{""geodesic"":false,""type"":""Point"",""coordinates"":[-74.5219901823452,5.122642907691572]}"
1654_0,1.811585,"{""geodesic"":false,""type"":""Point"",""coordinates"":[-73.90664421272334,4.381532798292966]}"
1655_0,0.24482037,"{""geodesic"":false,""type"":""Point"",""coordinates"":[-74.63877116928074,4.893572510241094]}"
1656_0,0.18605457,"{""geodesic"":false,""type"":""Point"",""coordinates"":[-73.13409306838055,4.9295051216058745]}"
1657_0,0.18287326,"{""geodesic"":false,""type"":""Point"",""coordinates"":[-73.29578981952206,5.279848082412488]}"
1658_0,0.24477032,"{""geodesic"":false,""type"":""Point"",""coordinates"":[-73.37663819509282,3.7661868286710942]}"
1659_0,0.42420173,"{""geodesic"":false,""type"":""Point"",""coordinates"":[-74.40071761898908,4.951963003708863]}"
1660_0,3.9683719,"{""geodesic"":false,""type"":""Point"",""coordinates"":[-74.38275131330668,4.46687275028432]}"
1661_0,0.42203417,"{""geodesic"":false,""type"":""Point"",""coordinates"":[-73.43053711213999,5.423578527871611]}"
1662_0,0.19686848,"{""geodesic"":false,""type"":""Point"",""coordinates"":[-74.18063037437979,5.724514148051651]}"
1663_0,1.003249,"{""geodesic"":false,""type"":""Point"",""coordinates"":[-74.1851219508004,5.517901632704161]}"
1664_0,0.2359636,"{""geodesic"":false,""type"":""Point"",""coordinates"":[-73.31824770162505,3.802119440035875]}"
1665_0,1.7591069,"{""geodesic"":false,""type"":""Point"",""coordinates"":[-74.58487225223358,5.185524977579938]}"
1666_0,0.3599872,"{""geodesic"":false,""type"":""Point"",""coordinates"":[-73.5922338632815,4.323142304825198]}"
1667_0,0.22599097,"{""geodesic"":false,""type"":""Point"",""coordinates"":[-73.67308223885226,4.916030392344082]}"
1668_0,0.29348865,"{""geodesic"":false,""type"":""Point"",""coordinates"":[-73.88867790704094,3.7841531343534847]}"
1669_0,0.17073314,"{""geodesic"":false,""type"":""Point"",""coordinates"":[-74.13122303375322,5.778413065098822]}"
1670_0,0.18813756,"{""geodesic"":false,""type"":""Point"",""coordinates"":[-73.17451725616593,4.933996698026472]}"
1671_0,0.1983867,"{""geodesic"":false,""type"":""Point"",""coordinates"":[-74.18063037437979,5.284339658833085]}"
1672_0,1.6894679,"{""geodesic"":false,""type"":""Point"",""coordinates"":[-74.47258284171863,4.2782265406192215]}"
1673_0,1.1038914,"{""geodesic"":false,""type"":""Point"",""coordinates"":[-74.04588308176186,4.457889597443126]}"
1674_0,0.36073408,"{""geodesic"":false,""type"":""Point"",""coordinates"":[-73.82130426073198,4.8711146281381055]}"
1675_0,0.26335654,"{""geodesic"":false,""type"":""Point"",""coordinates"":[-74.66572062780433,4.893572510241094]}"
1676_0,0.36694413,"{""geodesic"":false,""type"":""Point"",""coordinates"":[-74.50402387666281,4.790266252567348]}"
1677_0,0.918007,"{""geodesic"":false,""type"":""Point"",""coordinates"":[-74.03689992892066,4.978912462232448]}"
1678_0,0.20291707,"{""geodesic"":false,""type"":""Point"",""coordinates"":[-73.16553410332473,4.570179007958066]}"
1679_0,0.20635591,"{""geodesic"":false,""type"":""Point"",""coordinates"":[-74.58487225223358,5.243915471047707]}"
1680_0,0.19890934,"{""geodesic"":false,""type"":""Point"",""coordinates"":[-73.11163518627755,5.396629069348026]}"
1681_0,0.22518723,"{""geodesic"":false,""type"":""Point"",""coordinates"":[-74.78250161473987,5.248407047468304]}"
1682_0,0.23457234,"{""geodesic"":false,""type"":""Point"",""coordinates"":[-74.78699319116046,4.821707287511532]}"
1683_0,0.36961412,"{""geodesic"":false,""type"":""Point"",""coordinates"":[-73.46197814708417,3.972799344018584]}"
1684_0,0.20676614,"{""geodesic"":false,""type"":""Point"",""coordinates"":[-73.798846378629,4.30068442272221]}"
1685_0,0.2230962,"{""geodesic"":false,""type"":""Point"",""coordinates"":[-73.16104252690413,4.350091763348783]}"
1686_0,10.191809,"{""geodesic"":false,""type"":""Point"",""coordinates"":[-74.67021220422492,5.48196902133938]}"
1687_0,0.6427976,"{""geodesic"":false,""type"":""Point"",""coordinates"":[-73.33172243088684,5.414595375030416]}"
1688_0,0.18519749,"{""geodesic"":false,""type"":""Point"",""coordinates"":[-74.80945107326346,5.666123654583882]}"
1689_0,0.21102287,"{""geodesic"":false,""type"":""Point"",""coordinates"":[-74.06384938744425,5.5807837025925275]}"
1690_0,0.37898353,"{""geodesic"":false,""type"":""Point"",""coordinates"":[-74.80945107326346,4.44890644460193]}"
1691_0,0.17118756,"{""geodesic"":false,""type"":""Point"",""coordinates"":[-74.38275131330668,5.5223932091247585]}"
1692_0,0.24817681,"{""geodesic"":false,""type"":""Point"",""coordinates"":[-74.27495347921234,5.252898623888902]}"
1693_0,0.16134495,"{""geodesic"":false,""type"":""Point"",""coordinates"":[-74.49054914740103,3.788644710774082]}"
1694_0,0.22874174,"{""geodesic"":false,""type"":""Point"",""coordinates"":[-74.33334397268011,5.140609213373962]}"
1695_0,0.18965164,"{""geodesic"":false,""type"":""Point"",""coordinates"":[-73.69104854453465,5.737988877313444]}"
1696_0,0.17826957,"{""geodesic"":false,""type"":""Point"",""coordinates"":[-73.35867188941043,4.615094772164042]}"
1697_0,0.19581288,"{""geodesic"":false,""type"":""Point"",""coordinates"":[-73.14307622122175,4.4129738332371495]}"
1698_0,0.24798422,"{""geodesic"":false,""type"":""Point"",""coordinates"":[-74.87682471957243,4.799249405408544]}"
1699_0,0.33178204,"{""geodesic"":false,""type"":""Point"",""coordinates"":[-74.85885841389003,4.4129738332371495]}"
1700_0,0.1814318,"{""geodesic"":false,""type"":""Point"",""coordinates"":[-74.12673145733262,5.80087094720181]}"
1701_0,0.12549789,"{""geodesic"":false,""type"":""Point"",""coordinates"":[-73.83028741357317,5.70654784236926]}"
1702_0,0.1901933,"{""geodesic"":false,""type"":""Point"",""coordinates"":[-74.29741136131533,4.053647719589341]}"
1703_0,0.24672094,"{""geodesic"":false,""type"":""Point"",""coordinates"":[-73.81681268431139,4.444414868181333]}"
1704_0,0.24096665,"{""geodesic"":false,""type"":""Point"",""coordinates"":[-74.21656298574457,5.181033401159341]}"
1705_0,1.0988638,"{""geodesic"":false,""type"":""Point"",""coordinates"":[-73.69104854453465,4.116529789477707]}"
1706_0,0.52223897,"{""geodesic"":false,""type"":""Point"",""coordinates"":[-73.75393061442301,5.198999706841731]}"
1707_0,0.9659909,"{""geodesic"":false,""type"":""Point"",""coordinates"":[-73.6057085925433,5.720022571631054]}"
1708_0,0.2159907,"{""geodesic"":false,""type"":""Point"",""coordinates"":[-73.18350040900712,4.242293929254441]}"
1709_0,0.17518191,"{""geodesic"":false,""type"":""Point"",""coordinates"":[-74.26597032637115,5.567308973330735]}"
1710_0,0.32852104,"{""geodesic"":false,""type"":""Point"",""coordinates"":[-73.84825371925557,4.529754820172688]}"
1711_0,0.48182037,"{""geodesic"":false,""type"":""Point"",""coordinates"":[-73.4035876536164,4.264751811357429]}"
1712_0,2.7412574,"{""geodesic"":false,""type"":""Point"",""coordinates"":[-74.23452929142697,4.772299946884958]}"
1713_0,0.3021089,"{""geodesic"":false,""type"":""Point"",""coordinates"":[-73.46197814708417,4.95645458012946]}"
1714_0,0.28413352,"{""geodesic"":false,""type"":""Point"",""coordinates"":[-73.64613278032867,4.799249405408544]}"
1715_0,0.23890023,"{""geodesic"":false,""type"":""Point"",""coordinates"":[-74.67470378064553,4.547721125855078]}"
1716_0,0.1915975,"{""geodesic"":false,""type"":""Point"",""coordinates"":[-73.15655095048353,4.686959994893604]}"
1717_0,1.1940814,"{""geodesic"":false,""type"":""Point"",""coordinates"":[-73.79435480220839,5.032811379279619]}"
1718_0,0.22253749,"{""geodesic"":false,""type"":""Point"",""coordinates"":[-73.10714360985696,4.116529789477707]}"
1719_0,0.25686726,"{""geodesic"":false,""type"":""Point"",""coordinates"":[-73.49791075844895,4.3366170340869905]}"
1720_0,0.19630046,"{""geodesic"":false,""type"":""Point"",""coordinates"":[-74.13122303375322,3.941358309074401]}"
1721_0,0.2006104,"{""geodesic"":false,""type"":""Point"",""coordinates"":[-73.91562736556453,4.20636131788966]}"
1722_0,14.574918,"{""geodesic"":false,""type"":""Point"",""coordinates"":[-73.6012170161227,4.121021365898305]}"
1723_0,0.68619376,"{""geodesic"":false,""type"":""Point"",""coordinates"":[-73.74494746158182,5.109168178429779]}"
1724_0,0.18752585,"{""geodesic"":false,""type"":""Point"",""coordinates"":[-74.17164722153859,4.192886588627867]}"
1725_0,0.36475447,"{""geodesic"":false,""type"":""Point"",""coordinates"":[-73.82130426073198,4.287209693460417]}"
1726_0,0.35484037,"{""geodesic"":false,""type"":""Point"",""coordinates"":[-74.5399564880276,4.372549645451771]}"
1727_0,0.21591541,"{""geodesic"":false,""type"":""Point"",""coordinates"":[-73.18799198542771,5.338238575880257]}"
1728_0,0.23676378,"{""geodesic"":false,""type"":""Point"",""coordinates"":[-73.93359367124692,5.80087094720181]}"
1729_0,0.6339447,"{""geodesic"":false,""type"":""Point"",""coordinates"":[-74.32436081983892,4.857639898876313]}"
1730_0,46.074364,"{""geodesic"":false,""type"":""Point"",""coordinates"":[-74.02791677607946,4.695943147734799]}"
1731_0,0.24906039,"{""geodesic"":false,""type"":""Point"",""coordinates"":[-73.17451725616593,4.502805361649101]}"
1732_0,0.25053474,"{""geodesic"":false,""type"":""Point"",""coordinates"":[-73.23739932605429,4.8711146281381055]}"
1733_0,0.23066112,"{""geodesic"":false,""type"":""Point"",""coordinates"":[-74.84987526104884,5.091201872747388]}"
1734_0,0.17197469,"{""geodesic"":false,""type"":""Point"",""coordinates"":[-74.40970077183027,5.70654784236926]}"
1735_0,0.17731151,"{""geodesic"":false,""type"":""Point"",""coordinates"":[-73.74045588516123,5.778413065098822]}"
1736_0,0.19405986,"{""geodesic"":false,""type"":""Point"",""coordinates"":[-73.15205937406294,3.847035204241851]}"
1737_0,0.22365934,"{""geodesic"":false,""type"":""Point"",""coordinates"":[-73.34968873656923,5.693073113107467]}"
1738_0,0.38257506,"{""geodesic"":false,""type"":""Point"",""coordinates"":[-73.27782351383966,4.170428706524879]}"
1739_0,0.4973462,"{""geodesic"":false,""type"":""Point"",""coordinates"":[-74.45012495961565,4.498313785228504]}"
1740_0,0.33128208,"{""geodesic"":false,""type"":""Point"",""coordinates"":[-74.65224589854253,4.103055060215914]}"
1741_0,0.3948006,"{""geodesic"":false,""type"":""Point"",""coordinates"":[-74.5399564880276,4.8531483224557155]}"
1742_0,0.4880519,"{""geodesic"":false,""type"":""Point"",""coordinates"":[-73.21044986753071,4.237802352833842]}"
1743_0,0.16197756,"{""geodesic"":false,""type"":""Point"",""coordinates"":[-74.00995047039709,3.7302542173063133]}"
1744_0,0.42095315,"{""geodesic"":false,""type"":""Point"",""coordinates"":[-73.68206539169346,5.122642907691572]}"
1745_0,0.6892087,"{""geodesic"":false,""type"":""Point"",""coordinates"":[-73.26434878457788,3.71677948804452]}"
1746_0,0.27273563,"{""geodesic"":false,""type"":""Point"",""coordinates"":[-73.50240233486956,4.713909453417189]}"
1747_0,0.24883974,"{""geodesic"":false,""type"":""Point"",""coordinates"":[-74.88131629599302,4.579162160799261]}"
1748_0,0.17148764,"{""geodesic"":false,""type"":""Point"",""coordinates"":[-73.02629523428621,5.320272270197866]}"
1749_0,0.8286209,"{""geodesic"":false,""type"":""Point"",""coordinates"":[-73.81681268431139,4.95645458012946]}"
1750_0,0.21522407,"{""geodesic"":false,""type"":""Point"",""coordinates"":[-74.50402387666281,3.9683077675979863]}"
1751_0,0.19151059,"{""geodesic"":false,""type"":""Point"",""coordinates"":[-73.36765504225163,4.592636890061054]}"
1752_0,0.6469133,"{""geodesic"":false,""type"":""Point"",""coordinates"":[-74.32436081983892,4.56119585511687]}"
1753_0,0.37257218,"{""geodesic"":false,""type"":""Point"",""coordinates"":[-74.66122905138373,4.11203821305711]}"
1754_0,0.18166022,"{""geodesic"":false,""type"":""Point"",""coordinates"":[-73.57426755759911,4.933996698026472]}"
1755_0,0.3246255,"{""geodesic"":false,""type"":""Point"",""coordinates"":[-73.6057085925433,3.7347457937269106]}"
1756_0,0.18939868,"{""geodesic"":false,""type"":""Point"",""coordinates"":[-73.33621400730743,5.270864929571292]}"
1757_0,0.18334058,"{""geodesic"":false,""type"":""Point"",""coordinates"":[-74.55343121728939,5.598750008274918]}"
1758_0,0.16721039,"{""geodesic"":false,""type"":""Point"",""coordinates"":[-74.07283254028545,5.764938335837029]}"
1759_0,0.3573185,"{""geodesic"":false,""type"":""Point"",""coordinates"":[-73.4125708064576,5.014845073597229]}"
1760_0,17.417051,"{""geodesic"":false,""type"":""Point"",""coordinates"":[-74.06384938744425,4.588145313640457]}"
1761_0,0.18115003,"{""geodesic"":false,""type"":""Point"",""coordinates"":[-74.08630726954723,5.437053257133404]}"
1762_0,0.18785954,"{""geodesic"":false,""type"":""Point"",""coordinates"":[-74.7420774269545,3.779661557932887]}"
1763_0,6.287916,"{""geodesic"":false,""type"":""Point"",""coordinates"":[-73.99647574113528,4.668993689211213]}"
1764_0,0.4844496,"{""geodesic"":false,""type"":""Point"",""coordinates"":[-74.04139150534127,5.05077768496201]}"
1765_0,0.3597366,"{""geodesic"":false,""type"":""Point"",""coordinates"":[-73.4035876536164,4.179411859366074]}"
1766_0,0.33203095,"{""geodesic"":false,""type"":""Point"",""coordinates"":[-74.58936382865417,5.5044269034423685]}"
1767_0,0.45915377,"{""geodesic"":false,""type"":""Point"",""coordinates"":[-74.76453530905748,4.138987671580695]}"
1768_0,2.3074079,"{""geodesic"":false,""type"":""Point"",""coordinates"":[-74.22554613858577,4.664502112790616]}"
1769_0,0.23743412,"{""geodesic"":false,""type"":""Point"",""coordinates"":[-74.42766707751265,5.333746999459659]}"
1770_0,0.20869346,"{""geodesic"":false,""type"":""Point"",""coordinates"":[-74.12673145733262,5.2753565059918905]}"
1771_0,1.4513879,"{""geodesic"":false,""type"":""Point"",""coordinates"":[-74.00096731755589,4.808232558249739]}"
1772_0,0.18802118,"{""geodesic"":false,""type"":""Point"",""coordinates"":[-73.43053711213999,5.729005724472248]}"
1773_0,1.071396,"{""geodesic"":false,""type"":""Point"",""coordinates"":[-74.60733013433656,3.941358309074401]}"
1774_0,0.25036868,"{""geodesic"":false,""type"":""Point"",""coordinates"":[-73.0307868107068,5.544851091227747]}"
1775_0,0.27547204,"{""geodesic"":false,""type"":""Point"",""coordinates"":[-73.76740534368481,5.136117636953364]}"
1776_0,0.62706465,"{""geodesic"":false,""type"":""Point"",""coordinates"":[-74.82741737894584,4.161445553683683]}"
1777_0,0.19538145,"{""geodesic"":false,""type"":""Point"",""coordinates"":[-73.08917730417457,4.606111619322847]}"
1778_0,0.28606418,"{""geodesic"":false,""type"":""Point"",""coordinates"":[-73.49341918202836,5.041794532120814]}"
1779_0,0.19133607,"{""geodesic"":false,""type"":""Point"",""coordinates"":[-73.50240233486956,4.498313785228504]}"
1780_0,0.1531119,"{""geodesic"":false,""type"":""Point"",""coordinates"":[-73.68655696811405,4.502805361649101]}"
1781_0,58.12319,"{""geodesic"":false,""type"":""Point"",""coordinates"":[-74.144697763015,4.570179007958066]}"
1782_0,0.47702485,"{""geodesic"":false,""type"":""Point"",""coordinates"":[-74.83190895536644,4.368058069031173]}"
1783_0,3.2522256,"{""geodesic"":false,""type"":""Point"",""coordinates"":[-73.68206539169346,3.6988131823621297]}"
1784_0,0.20268223,"{""geodesic"":false,""type"":""Point"",""coordinates"":[-74.84987526104884,5.513410056283563]}"
1785_0,0.23978117,"{""geodesic"":false,""type"":""Point"",""coordinates"":[-74.65673747496314,4.035681413906951]}"
1786_0,0.3002765,"{""geodesic"":false,""type"":""Point"",""coordinates"":[-73.45299499424297,3.838052051400656]}"
1787_0,0.22298451,"{""geodesic"":false,""type"":""Point"",""coordinates"":[-73.10714360985696,5.49993532702177]}"
1788_0,0.2047215,"{""geodesic"":false,""type"":""Point"",""coordinates"":[-74.43215865393326,4.071614025271732]}"
1789_0,0.8864312,"{""geodesic"":false,""type"":""Point"",""coordinates"":[-74.33334397268011,5.023828226438424]}"
1790_0,3.9006011,"{""geodesic"":false,""type"":""Point"",""coordinates"":[-74.37376816046549,4.363566492610576]}"
1791_0,0.2070761,"{""geodesic"":false,""type"":""Point"",""coordinates"":[-73.5922338632815,4.8711146281381055]}"
1792_0,0.21784578,"{""geodesic"":false,""type"":""Point"",""coordinates"":[-73.10714360985696,4.444414868181333]}"
1793_0,0.25874552,"{""geodesic"":false,""type"":""Point"",""coordinates"":[-73.52486021697254,5.279848082412488]}"
1794_0,0.18861517,"{""geodesic"":false,""type"":""Point"",""coordinates"":[-73.61469174538449,5.778413065098822]}"
1795_0,0.22075291,"{""geodesic"":false,""type"":""Point"",""coordinates"":[-74.60733013433656,4.691451571314201]}"
1796_0,0.18351702,"{""geodesic"":false,""type"":""Point"",""coordinates"":[-74.79597634400166,5.401120645768623]}"
1797_0,0.22770323,"{""geodesic"":false,""type"":""Point"",""coordinates"":[-74.83190895536644,3.7706784050916915]}"
1798_0,0.18547903,"{""geodesic"":false,""type"":""Point"",""coordinates"":[-74.06384938744425,5.374171187245038]}"
1799_0,0.2324077,"{""geodesic"":false,""type"":""Point"",""coordinates"":[-74.70614481558971,4.507296938069699]}"
1800_0,0.33343682,"{""geodesic"":false,""type"":""Point"",""coordinates"":[-73.34968873656923,4.3545833397693805]}"
1801_0,26.182293,"{""geodesic"":false,""type"":""Point"",""coordinates"":[-73.64164120390808,4.121021365898305]}"
1802_0,0.18583915,"{""geodesic"":false,""type"":""Point"",""coordinates"":[-73.65511593316987,4.9474714272882645]}"
1803_0,0.1659473,"{""geodesic"":false,""type"":""Point"",""coordinates"":[-73.52486021697254,4.86213147529691]}"
1804_0,8.149694,"{""geodesic"":false,""type"":""Point"",""coordinates"":[-73.45299499424297,5.544851091227747]}"
1805_0,0.275723,"{""geodesic"":false,""type"":""Point"",""coordinates"":[-74.7196195448515,4.0671224488511335]}"
1806_0,0.2251509,"{""geodesic"":false,""type"":""Point"",""coordinates"":[-73.34070558372804,5.693073113107467]}"
1807_0,0.21655498,"{""geodesic"":false,""type"":""Point"",""coordinates"":[-73.16104252690413,3.743728946568106]}"
1808_0,0.1729426,"{""geodesic"":false,""type"":""Point"",""coordinates"":[-74.47707441813924,5.567308973330735]}"
1809_0,1.0661975,"{""geodesic"":false,""type"":""Point"",""coordinates"":[-74.81394264968405,4.246785505675038]}"
1810_0,0.21915002,"{""geodesic"":false,""type"":""Point"",""coordinates"":[-74.76902688547807,3.8335604749800583]}"
1811_0,0.20538743,"{""geodesic"":false,""type"":""Point"",""coordinates"":[-73.93808524766752,3.8874593920272296]}"
1812_0,0.3790149,"{""geodesic"":false,""type"":""Point"",""coordinates"":[-74.62529644001896,4.381532798292966]}"
1813_0,0.2017125,"{""geodesic"":false,""type"":""Point"",""coordinates"":[-73.53384336981374,4.403990680395954]}"
1814_0,0.17557798,"{""geodesic"":false,""type"":""Point"",""coordinates"":[-74.47707441813924,5.760446759416432]}"
1815_0,0.21420674,"{""geodesic"":false,""type"":""Point"",""coordinates"":[-74.30639451415652,5.154083942635755]}"
1816_0,0.18755692,"{""geodesic"":false,""type"":""Point"",""coordinates"":[-73.45299499424297,5.684089960266273]}"
1817_0,0.29293886,"{""geodesic"":false,""type"":""Point"",""coordinates"":[-73.92910209482632,4.314159151984002]}"
1818_0,0.17183343,"{""geodesic"":false,""type"":""Point"",""coordinates"":[-73.11612676269816,3.721271064465118]}"
1819_0,0.36607856,"{""geodesic"":false,""type"":""Point"",""coordinates"":[-73.13858464480114,5.172050248318145]}"
1820_0,0.28871518,"{""geodesic"":false,""type"":""Point"",""coordinates"":[-74.76902688547807,4.43094013891954]}"
1821_0,0.18979454,"{""geodesic"":false,""type"":""Point"",""coordinates"":[-73.67308223885226,5.720022571631054]}"
1822_0,0.35382804,"{""geodesic"":false,""type"":""Point"",""coordinates"":[-74.59385540507476,4.547721125855078]}"
1823_0,0.23736955,"{""geodesic"":false,""type"":""Point"",""coordinates"":[-73.5877422868609,5.127134484112169]}"
1824_0,0.2594698,"{""geodesic"":false,""type"":""Point"",""coordinates"":[-74.68368693348673,4.673485265631811]}"
1825_0,0.19640641,"{""geodesic"":false,""type"":""Point"",""coordinates"":[-73.12061833911875,3.847035204241851]}"
1826_0,15.785016,"{""geodesic"":false,""type"":""Point"",""coordinates"":[-74.17164722153859,4.56119585511687]}"
1827_0,0.8535251,"{""geodesic"":false,""type"":""Point"",""coordinates"":[-73.56079282833733,3.9009341212890223]}"
1828_0,0.6400047,"{""geodesic"":false,""type"":""Point"",""coordinates"":[-74.73758585053389,4.116529789477707]}"
1829_0,0.17625932,"{""geodesic"":false,""type"":""Point"",""coordinates"":[-73.9919841647147,5.190016554000536]}"
1830_0,7.7955103,"{""geodesic"":false,""type"":""Point"",""coordinates"":[-73.10714360985696,5.755955182995835]}"
1831_0,2.808923,"{""geodesic"":false,""type"":""Point"",""coordinates"":[-73.69554012095524,3.9772909204391818]}"
1832_0,0.46997443,"{""geodesic"":false,""type"":""Point"",""coordinates"":[-74.55792279370999,5.037302955700217]}"
1833_0,0.23939924,"{""geodesic"":false,""type"":""Point"",""coordinates"":[-74.76902688547807,3.8425436278212532]}"
1834_0,0.17669773,"{""geodesic"":false,""type"":""Point"",""coordinates"":[-73.02629523428621,5.40561222218922]}"
1835_0,0.30261096,"{""geodesic"":false,""type"":""Point"",""coordinates"":[-73.86622002493796,5.338238575880257]}"
1836_0,0.19194195,"{""geodesic"":false,""type"":""Point"",""coordinates"":[-73.34968873656923,4.682468418473006]}"
1837_0,0.2300707,"{""geodesic"":false,""type"":""Point"",""coordinates"":[-74.55792279370999,4.902555663082289]}"
1838_0,0.19397973,"{""geodesic"":false,""type"":""Point"",""coordinates"":[-73.21044986753071,4.2961928463016115]}"
1839_0,2.3415453,"{""geodesic"":false,""type"":""Point"",""coordinates"":[-74.37825973688608,4.439923291760735]}"
1840_0,0.17000897,"{""geodesic"":false,""type"":""Point"",""coordinates"":[-73.34519716014863,5.773921488678225]}"
1841_0,0.26031643,"{""geodesic"":false,""type"":""Point"",""coordinates"":[-74.25249559710934,5.194508130421133]}"
1842_0,0.16920435,"{""geodesic"":false,""type"":""Point"",""coordinates"":[-73.0218036578656,3.775169981512289]}"
1843_0,0.21958977,"{""geodesic"":false,""type"":""Point"",""coordinates"":[-74.7420774269545,4.0087319553833645]}"
1844_0,7.4678197,"{""geodesic"":false,""type"":""Point"",""coordinates"":[-73.94706840050871,4.399499103975357]}"
1845_0,0.24003954,"{""geodesic"":false,""type"":""Point"",""coordinates"":[-73.35867188941043,4.314159151984002]}"
1846_0,0.18405183,"{""geodesic"":false,""type"":""Point"",""coordinates"":[-74.02342519965887,5.401120645768623]}"
1847_0,0.36129022,"{""geodesic"":false,""type"":""Point"",""coordinates"":[-73.46197814708417,4.197378165048464]}"
1848_0,0.19922738,"{""geodesic"":false,""type"":""Point"",""coordinates"":[-73.48443602918717,4.7947578289879464]}"
1849_0,0.23926708,"{""geodesic"":false,""type"":""Point"",""coordinates"":[-74.3288523962595,4.031189837486353]}"
1850_0,0.18911068,"{""geodesic"":false,""type"":""Point"",""coordinates"":[-74.59834698149537,5.625699466798504]}"
1851_0,0.2890278,"{""geodesic"":false,""type"":""Point"",""coordinates"":[-74.28842820847413,5.05077768496201]}"
1852_0,0.23165493,"{""geodesic"":false,""type"":""Point"",""coordinates"":[-73.08917730417457,4.511788514490297]}"
1853_0,0.34708422,"{""geodesic"":false,""type"":""Point"",""coordinates"":[-73.82130426073198,5.5223932091247585]}"
1854_0,0.38907355,"{""geodesic"":false,""type"":""Point"",""coordinates"":[-73.7853716493672,5.585275279013125]}"
1855_0,0.17491597,"{""geodesic"":false,""type"":""Point"",""coordinates"":[-74.08181569312664,3.914408850550815]}"
1856_0,0.40913942,"{""geodesic"":false,""type"":""Point"",""coordinates"":[-74.88131629599302,3.9189004269714127]}"
1857_0,0.18141426,"{""geodesic"":false,""type"":""Point"",""coordinates"":[-73.61918332180508,4.713909453417189]}"
1858_0,0.21119191,"{""geodesic"":false,""type"":""Point"",""coordinates"":[-74.78250161473987,5.450527986395197]}"
1859_0,0.77563053,"{""geodesic"":false,""type"":""Point"",""coordinates"":[-74.34232712552131,4.646535807108225]}"
1860_0,0.24089646,"{""geodesic"":false,""type"":""Point"",""coordinates"":[-73.7853716493672,4.502805361649101]}"
1861_0,0.75695294,"{""geodesic"":false,""type"":""Point"",""coordinates"":[-73.47545287634597,5.40561222218922]}"
1862_0,0.17851491,"{""geodesic"":false,""type"":""Point"",""coordinates"":[-74.03689992892066,5.7918877943606155]}"
1863_0,1.0946044,"{""geodesic"":false,""type"":""Point"",""coordinates"":[-74.46359968887744,4.54322954943448]}"
1864_0,0.2616569,"{""geodesic"":false,""type"":""Point"",""coordinates"":[-73.31824770162505,4.246785505675038]}"
1865_0,0.19261664,"{""geodesic"":false,""type"":""Point"",""coordinates"":[-74.31088609057711,4.121021365898305]}"
1866_0,0.22729738,"{""geodesic"":false,""type"":""Point"",""coordinates"":[-73.11163518627755,4.237802352833842]}"
1867_0,0.29408962,"{""geodesic"":false,""type"":""Point"",""coordinates"":[-73.4125708064576,3.941358309074401]}"
1868_0,58.004932,"{""geodesic"":false,""type"":""Point"",""coordinates"":[-74.23003771500636,4.5836537372198585]}"
1869_0,0.1902796,"{""geodesic"":false,""type"":""Point"",""coordinates"":[-73.05324469280978,5.320272270197866]}"
1870_0,0.19834462,"{""geodesic"":false,""type"":""Point"",""coordinates"":[-73.28680666668086,4.529754820172688]}"
1871_0,2.1130211,"{""geodesic"":false,""type"":""Point"",""coordinates"":[-73.76740534368481,4.040172990327548]}"
1872_0,0.36974987,"{""geodesic"":false,""type"":""Point"",""coordinates"":[-73.53384336981374,5.302305964515476]}"
1873_0,0.18883358,"{""geodesic"":false,""type"":""Point"",""coordinates"":[-73.32273927804565,4.421956986078345]}"
1874_0,0.23344415,"{""geodesic"":false,""type"":""Point"",""coordinates"":[-73.35418031298983,5.679598383845675]}"
1875_0,0.18709077,"{""geodesic"":false,""type"":""Point"",""coordinates"":[-74.00096731755589,3.9862740732803768]}"
1876_0,0.19159856,"{""geodesic"":false,""type"":""Point"",""coordinates"":[-74.14918933943561,5.567308973330735]}"
1877_0,0.19642062,"{""geodesic"":false,""type"":""Point"",""coordinates"":[-74.41868392467147,5.401120645768623]}"
1878_0,0.374679,"{""geodesic"":false,""type"":""Point"",""coordinates"":[-73.55630125191672,4.722892606258385]}"
1879_0,0.19616027,"{""geodesic"":false,""type"":""Point"",""coordinates"":[-74.44563338319504,5.252898623888902]}"
1880_0,0.7765147,"{""geodesic"":false,""type"":""Point"",""coordinates"":[-74.60283855791596,3.945849885494998]}"
1881_0,0.46669418,"{""geodesic"":false,""type"":""Point"",""coordinates"":[-74.43215865393326,4.8531483224557155]}"
1882_0,0.24252477,"{""geodesic"":false,""type"":""Point"",""coordinates"":[-73.10714360985696,5.630191043219101]}"
1883_0,0.18290976,"{""geodesic"":false,""type"":""Point"",""coordinates"":[-74.41419234825086,3.8560183570830464]}"
1884_0,0.22366299,"{""geodesic"":false,""type"":""Point"",""coordinates"":[-73.37663819509282,3.752712099409301]}"
1885_0,0.22796488,"{""geodesic"":false,""type"":""Point"",""coordinates"":[-74.67470378064553,4.677976842052408]}"
1886_0,0.1957108,"{""geodesic"":false,""type"":""Point"",""coordinates"":[-73.15205937406294,4.552212702275676]}"
1887_0,0.23698051,"{""geodesic"":false,""type"":""Point"",""coordinates"":[-74.7330942741133,4.668993689211213]}"
1888_0,0.6022255,"{""geodesic"":false,""type"":""Point"",""coordinates"":[-74.00545889397648,4.480347479546114]}"
1889_0,0.19810061,"{""geodesic"":false,""type"":""Point"",""coordinates"":[-73.3946045007752,4.570179007958066]}"
1890_0,2.986738,"{""geodesic"":false,""type"":""Point"",""coordinates"":[-73.70003169737585,3.71677948804452]}"
1891_0,0.22671793,"{""geodesic"":false,""type"":""Point"",""coordinates"":[-73.62816647464628,4.350091763348783]}"
1892_0,0.33376718,"{""geodesic"":false,""type"":""Point"",""coordinates"":[-73.31824770162505,3.9772909204391818]}"
1893_0,0.19355296,"{""geodesic"":false,""type"":""Point"",""coordinates"":[-73.09366888059517,4.597128466481651]}"
1894_0,0.17415042,"{""geodesic"":false,""type"":""Point"",""coordinates"":[-74.36478500762429,3.9189004269714127]}"
1895_0,1.0785818,"{""geodesic"":false,""type"":""Point"",""coordinates"":[-73.36765504225163,3.882967815606632]}"
1896_0,0.30280903,"{""geodesic"":false,""type"":""Point"",""coordinates"":[-74.05037465818246,4.372549645451771]}"
1897_0,0.18546681,"{""geodesic"":false,""type"":""Point"",""coordinates"":[-74.10427357522963,3.995257226121572]}"
1898_0,0.17058538,"{""geodesic"":false,""type"":""Point"",""coordinates"":[-74.41419234825086,5.630191043219101]}"
1899_0,64.202644,"{""geodesic"":false,""type"":""Point"",""coordinates"":[-74.1536809158562,4.6240779250052375]}"
1900_0,0.70431554,"{""geodesic"":false,""type"":""Point"",""coordinates"":[-73.81681268431139,4.013223531803963]}"
1901_0,0.6649045,"{""geodesic"":false,""type"":""Point"",""coordinates"":[-74.00096731755589,4.534246396593285]}"
1902_0,1.1048988,"{""geodesic"":false,""type"":""Point"",""coordinates"":[-73.98749258829409,4.803740981829141]}"
1903_0,0.21288656,"{""geodesic"":false,""type"":""Point"",""coordinates"":[-73.88867790704094,4.264751811357429]}"
1904_0,0.20676398,"{""geodesic"":false,""type"":""Point"",""coordinates"":[-73.6102001689639,4.633061077846432]}"
1905_0,0.36084265,"{""geodesic"":false,""type"":""Point"",""coordinates"":[-74.7241111212721,4.682468418473006]}"
1906_0,2.150555,"{""geodesic"":false,""type"":""Point"",""coordinates"":[-74.36478500762429,4.592636890061054]}"
1907_0,0.24106626,"{""geodesic"":false,""type"":""Point"",""coordinates"":[-73.86172844851735,4.121021365898305]}"
1908_0,0.2873523,"{""geodesic"":false,""type"":""Point"",""coordinates"":[-73.24638247889548,3.9099172741302173]}"
1909_0,0.21399687,"{""geodesic"":false,""type"":""Point"",""coordinates"":[-73.95605155334991,4.237802352833842]}"
1910_0,0.19982904,"{""geodesic"":false,""type"":""Point"",""coordinates"":[-73.26434878457788,3.7931362871946797]}"
1911_0,0.20189983,"{""geodesic"":false,""type"":""Point"",""coordinates"":[-74.07732411670604,5.190016554000536]}"
1912_0,0.27214903,"{""geodesic"":false,""type"":""Point"",""coordinates"":[-73.82130426073198,4.534246396593285]}"
1913_0,0.2378457,"{""geodesic"":false,""type"":""Point"",""coordinates"":[-73.39909607719581,3.8066110164564724]}"
1914_0,0.9135787,"{""geodesic"":false,""type"":""Point"",""coordinates"":[-73.93359367124692,4.525263243752089]}"
1915_0,0.26681918,"{""geodesic"":false,""type"":""Point"",""coordinates"":[-74.59834698149537,4.76780837046436]}"
1916_0,2.8996096,"{""geodesic"":false,""type"":""Point"",""coordinates"":[-74.23003771500636,4.686959994893604]}"
1917_0,0.2784846,"{""geodesic"":false,""type"":""Point"",""coordinates"":[-73.45299499424297,3.802119440035875]}"
1918_0,0.19406731,"{""geodesic"":false,""type"":""Point"",""coordinates"":[-73.12510991553935,5.023828226438424]}"
1919_0,0.24908482,"{""geodesic"":false,""type"":""Point"",""coordinates"":[-74.51749860592462,5.109168178429779]}"
1920_0,0.2632123,"{""geodesic"":false,""type"":""Point"",""coordinates"":[-73.93808524766752,5.181033401159341]}"
1921_0,0.21458162,"{""geodesic"":false,""type"":""Point"",""coordinates"":[-73.61469174538449,5.0058619207560335]}"
1922_0,0.25925958,"{""geodesic"":false,""type"":""Point"",""coordinates"":[-74.11774830449143,4.3366170340869905]}"
1923_0,6.217706,"{""geodesic"":false,""type"":""Point"",""coordinates"":[-73.96054312977051,4.7184010298377865]}"
1924_0,0.36155117,"{""geodesic"":false,""type"":""Point"",""coordinates"":[-74.45012495961565,5.091201872747388]}"
1925_0,0.38083383,"{""geodesic"":false,""type"":""Point"",""coordinates"":[-73.44401184140179,4.273734964198623]}"
1926_0,0.22918227,"{""geodesic"":false,""type"":""Point"",""coordinates"":[-73.9740178590323,4.215344470730855]}"
1927_0,0.17752045,"{""geodesic"":false,""type"":""Point"",""coordinates"":[-73.0307868107068,5.297814388094879]}"
1928_0,0.3268236,"{""geodesic"":false,""type"":""Point"",""coordinates"":[-74.5399564880276,4.839673593193922]}"
1929_0,1.5188162,"{""geodesic"":false,""type"":""Point"",""coordinates"":[-73.64164120390808,5.57629212617193]}"
1930_0,0.18622701,"{""geodesic"":false,""type"":""Point"",""coordinates"":[-73.34070558372804,4.817215711090935]}"
1931_0,0.16702865,"{""geodesic"":false,""type"":""Point"",""coordinates"":[-74.85436683746943,5.684089960266273]}"
1932_0,0.3553494,"{""geodesic"":false,""type"":""Point"",""coordinates"":[-73.65062435674928,5.333746999459659]}"
1933_0,0.1887781,"{""geodesic"":false,""type"":""Point"",""coordinates"":[-73.48443602918717,5.109168178429779]}"
1934_0,0.18515193,"{""geodesic"":false,""type"":""Point"",""coordinates"":[-73.48443602918717,4.916030392344082]}"
1935_0,0.23024368,"{""geodesic"":false,""type"":""Point"",""coordinates"":[-73.67308223885226,4.677976842052408]}"
1936_0,0.19426323,"{""geodesic"":false,""type"":""Point"",""coordinates"":[-74.45910811245685,5.36967961082444]}"
1937_0,0.19836478,"{""geodesic"":false,""type"":""Point"",""coordinates"":[-74.81394264968405,5.589766855433723]}"
1938_0,0.386425,"{""geodesic"":false,""type"":""Point"",""coordinates"":[-74.58487225223358,4.435431715340138]}"
1939_0,0.5037162,"{""geodesic"":false,""type"":""Point"",""coordinates"":[-73.26434878457788,5.540359514807149]}"
1940_0,1.0511316,"{""geodesic"":false,""type"":""Point"",""coordinates"":[-74.28393663205354,4.983404038653045]}"
1941_0,0.7436862,"{""geodesic"":false,""type"":""Point"",""coordinates"":[-73.50240233486956,4.242293929254441]}"
1942_0,0.15416421,"{""geodesic"":false,""type"":""Point"",""coordinates"":[-73.83477898999378,5.711039418789858]}"
1943_0,0.37690043,"{""geodesic"":false,""type"":""Point"",""coordinates"":[-74.40520919540967,4.493822208807907]}"
1944_0,0.22886115,"{""geodesic"":false,""type"":""Point"",""coordinates"":[-73.94706840050871,3.891950968447827]}"
1945_0,23.824175,"{""geodesic"":false,""type"":""Point"",""coordinates"":[-74.88131629599302,4.152462400842488]}"
1946_0,0.2305948,"{""geodesic"":false,""type"":""Point"",""coordinates"":[-74.56241437013058,5.396629069348026]}"
1947_0,0.20492493,"{""geodesic"":false,""type"":""Point"",""coordinates"":[-73.2149414439513,5.230440741785914]}"
1948_0,0.16645041,"{""geodesic"":false,""type"":""Point"",""coordinates"":[-74.76902688547807,5.78290464151942]}"
1949_0,0.16501829,"{""geodesic"":false,""type"":""Point"",""coordinates"":[-74.49953230024222,5.729005724472248]}"
1950_0,0.20976147,"{""geodesic"":false,""type"":""Point"",""coordinates"":[-74.44563338319504,5.396629069348026]}"
1951_0,0.2913242,"{""geodesic"":false,""type"":""Point"",""coordinates"":[-73.83477898999378,4.350091763348783]}"
1952_0,0.18969803,"{""geodesic"":false,""type"":""Point"",""coordinates"":[-73.69554012095524,4.606111619322847]}"
1953_0,0.8503419,"{""geodesic"":false,""type"":""Point"",""coordinates"":[-74.36927658404488,4.6240779250052375]}"
1954_0,0.21703844,"{""geodesic"":false,""type"":""Point"",""coordinates"":[-73.66859066243167,4.314159151984002]}"
1955_0,0.25168422,"{""geodesic"":false,""type"":""Point"",""coordinates"":[-74.74656900337509,4.435431715340138]}"
1956_0,0.17080235,"{""geodesic"":false,""type"":""Point"",""coordinates"":[-74.18961352722098,4.01771510822456]}"
1957_0,0.2206073,"{""geodesic"":false,""type"":""Point"",""coordinates"":[-73.38112977151341,3.721271064465118]}"
1958_0,1.5665127,"{""geodesic"":false,""type"":""Point"",""coordinates"":[-74.8947910252548,5.181033401159341]}"
1959_0,0.31406125,"{""geodesic"":false,""type"":""Point"",""coordinates"":[-73.83028741357317,5.459511139236392]}"
1960_0,0.5150886,"{""geodesic"":false,""type"":""Point"",""coordinates"":[-73.06671942207159,5.702056265948663]}"
1961_0,1.5143572,"{""geodesic"":false,""type"":""Point"",""coordinates"":[-73.01282050502441,5.78290464151942]}"
1962_0,0.21355247,"{""geodesic"":false,""type"":""Point"",""coordinates"":[-73.18799198542771,3.941358309074401]}"
1963_0,0.19823454,"{""geodesic"":false,""type"":""Point"",""coordinates"":[-73.2239245967925,5.095693449167986]}"
1964_0,0.28953072,"{""geodesic"":false,""type"":""Point"",""coordinates"":[-73.66859066243167,5.589766855433723]}"
1965_0,5.223746,"{""geodesic"":false,""type"":""Point"",""coordinates"":[-74.25249559710934,4.866623051717508]}"
1966_0,0.27362037,"{""geodesic"":false,""type"":""Point"",""coordinates"":[-74.62080486359835,4.09407190737472]}"
1967_0,0.2886717,"{""geodesic"":false,""type"":""Point"",""coordinates"":[-73.57426755759911,5.342730152300854]}"
1968_0,0.7046807,"{""geodesic"":false,""type"":""Point"",""coordinates"":[-73.7898632257878,5.2933228116742805]}"
1969_0,2.8000944,"{""geodesic"":false,""type"":""Point"",""coordinates"":[-74.87682471957243,4.255768658516233]}"
1970_0,0.19621986,"{""geodesic"":false,""type"":""Point"",""coordinates"":[-74.82292580252525,5.001370344335436]}"
1971_0,0.67465913,"{""geodesic"":false,""type"":""Point"",""coordinates"":[-74.31986924341831,4.435431715340138]}"
1972_0,0.37553164,"{""geodesic"":false,""type"":""Point"",""coordinates"":[-73.64613278032867,3.7302542173063133]}"
1973_0,0.21073797,"{""geodesic"":false,""type"":""Point"",""coordinates"":[-74.70165323916912,5.724514148051651]}"
1974_0,0.19009085,"{""geodesic"":false,""type"":""Point"",""coordinates"":[-73.08917730417457,3.7392373701475083]}"
1975_0,0.2505998,"{""geodesic"":false,""type"":""Point"",""coordinates"":[-73.12510991553935,5.621207890377906]}"
1976_0,0.18680811,"{""geodesic"":false,""type"":""Point"",""coordinates"":[-74.23902086784756,4.022206684645158]}"
1977_0,0.28640097,"{""geodesic"":false,""type"":""Point"",""coordinates"":[-73.83477898999378,4.201869741469062]}"
1978_0,0.20997061,"{""geodesic"":false,""type"":""Point"",""coordinates"":[-74.51749860592462,5.513410056283563]}"
1979_0,0.20101826,"{""geodesic"":false,""type"":""Point"",""coordinates"":[-73.25087405531609,4.633061077846432]}"
1980_0,0.20493273,"{""geodesic"":false,""type"":""Point"",""coordinates"":[-73.17002567974532,4.152462400842488]}"
1981_0,0.2608546,"{""geodesic"":false,""type"":""Point"",""coordinates"":[-73.74943903800242,4.933996698026472]}"
1982_0,0.20016228,"{""geodesic"":false,""type"":""Point"",""coordinates"":[-73.01731208144501,3.8874593920272296]}"
1983_0,0.20932876,"{""geodesic"":false,""type"":""Point"",""coordinates"":[-74.87233314315182,4.63755265426703]}"
1984_0,0.3364106,"{""geodesic"":false,""type"":""Point"",""coordinates"":[-74.42317550109206,4.817215711090935]}"
1985_0,0.3978366,"{""geodesic"":false,""type"":""Point"",""coordinates"":[-74.84538368462823,4.538737973013882]}"
1986_0,0.19617625,"{""geodesic"":false,""type"":""Point"",""coordinates"":[-74.29741136131533,5.383154340086233]}"
1987_0,0.24858846,"{""geodesic"":false,""type"":""Point"",""coordinates"":[-73.0307868107068,4.390515951134161]}"
1988_0,0.17731458,"{""geodesic"":false,""type"":""Point"",""coordinates"":[-74.88131629599302,5.697564689528066]}"
1989_0,0.21466254,"{""geodesic"":false,""type"":""Point"",""coordinates"":[-74.62978801643955,3.9997488025421695]}"
1990_0,0.19649704,"{""geodesic"":false,""type"":""Point"",""coordinates"":[-73.38562134793402,4.574670584378663]}"
1991_0,0.1917537,"{""geodesic"":false,""type"":""Point"",""coordinates"":[-74.32436081983892,4.152462400842488]}"
1992_0,0.24680272,"{""geodesic"":false,""type"":""Point"",""coordinates"":[-74.3558018547831,5.455019562815795]}"
1993_0,0.20140642,"{""geodesic"":false,""type"":""Point"",""coordinates"":[-73.97850943545289,3.882967815606632]}"
1994_0,5.785098,"{""geodesic"":false,""type"":""Point"",""coordinates"":[-74.27944505563293,4.54322954943448]}"
1995_0,0.16831805,"{""geodesic"":false,""type"":""Point"",""coordinates"":[-73.46197814708417,5.1585755190563525]}"
1996_0,0.19543055,"{""geodesic"":false,""type"":""Point"",""coordinates"":[-74.3602934312037,5.760446759416432]}"
1997_0,0.18234038,"{""geodesic"":false,""type"":""Point"",""coordinates"":[-74.24800402068875,5.625699466798504]}"
1998_0,0.2625437,"{""geodesic"":false,""type"":""Point"",""coordinates"":[-73.798846378629,4.5656874315374685]}"
1999_0,0.28518945,"{""geodesic"":false,""type"":""Point"",""coordinates"":[-74.61631328717776,5.540359514807149]}"
